title,year
Game of Thrones,0
Breaking Bad,0
All the Sharks,2025
Attack on London: Hunting the 7/7 Bombers,2025
Smoke,2025
Countdown,2025
Ironheart,2025
Olympo,2025
The Many Deaths of Nora Dalmasso,2025
The Waterfront,2025
Outrageous,2025
Yolanthe,2025
We Were Liars,2025
Underdogs,2025
Romcon: Who the F**k is Jason Porter,2025
A Perfect Scam,2024
Ladrones: La tiara de santa Águeda,2025
Towards Zero,2025
Revival,2025
Call Her Alex,2025
"Cocaine Air: Smugglers at 30,000 Ft.",2025
An!ela,2025
The Fairly OddParents: A New Wish,2025
90 Day: Hunt for Love,2025
Nip/Tuck,0
The Dark Money Game,2025
Operation Undercover,2025
Walking with Dinosaurs,2025
The Survivors,2025
Lockerbie: A Search for Truth,2025
Kevin Costner’s the West,2025
Power Moves with Shaquille O’Neal,2025
Muslim Matchmaker,2025
Stick,2025
Sara: Woman in the Shadows,2025
Hard North,2024
Dept. Q,2025
Conquistadors: The Rise and Fall,2023
The Better Sister,2025
Adults,2025
F1: The Academy,2025
Little Disasters,2025
Cold Case: The Tylenol Murders,2025
She the People,2025
Sirens,2025
Real Men,2025
Motorheads,2025
Genghis Khan: The Secret History of the Mongols,2025
Murder Drones,2024
Porni,2025
Rotten Legacy,2025
Football Parents,2025
Murderbot,2025
Duster,2025
Bet,2025
Secrets We Keep,2025
Overcompensating,2025
Snakes and Ladders,2025
Fred & Rose West: A British Horror Story,2025
American Manhunt: Osama bin Laden,2025
Bad Thoughts,2025
The Royals,2025
Long Way Home,2025
Forever 2025,2025
This City Is Ours,2025
The Narrow Road to the Deep North,2025
Bad Boy,2023
Star Wars: Tales of the Underworld,2025
Twelve Forever,2019
The Four Seasons,2025
Turning Point: The Vietnam War,2025
The Eternaut,2025
Suspect: The Shooting of Jean Charles de Menezes,2025
Carême,2025
An Unknown Enemy,2023
Barrabrava,2023
Vanderpump Villa,2025
Etoile,2025
Carlos Alcaraz: My Way,2025
Battle Camp,2025
A Tragedy Foretold: Flight 3054,2025
Race for the Crown,2025
Secrets of the Penguins,2025
A Body in the Snow: The Trial of Karen Read,2025
The Not Very Grand Tour,2025
Light & Magic,2025
Khauf,2025
Sherlock & Daughter,2025
Ransom Canyon,2025
#1 Happy Family USA,2025
The Fox Hollow Murders: Playground of a Serial Killer,2025
Project UFO,2025
The Diamond Heist,2025
The Stolen Girl,2025
Coeurs Noirs,2023
Government Cheese,2025
The Glass Dome,2025
The Gardener,2025
Your Friends and Neighbors,2025
North of North,2025
Bad Influence: The Dark Side of Kidfluencing,2025
The Vince Staples Show,2024
The Clubhouse: A Year with the Red Sox,2025
Does Murder Sleep,2023
Blippi’s Job Show,2025
Dying for Sex,2025
Africa’s Wild Year,2021
Pulse,2025
The Bondsman,2025
Happy Face,2025
Gone Girls: The Long Island Serial Killer,2025
MobLand,2025
The Lady’s Companion,2025
Unicorn Academy,2025
Number One on the Call Sheet,2025
Fight for Glory: World Series 2024,2025
The Truth About Jim,2024
The Takedown: American Aryans,2025
"Teen Torture, Inc.",2024
Unprecedented,2022
Gold & Greed: The Hunt for Fenn’s Treasure,2025
From Rock Star to Killer,2025
Caught 2025,2025
The Studio,2025
Side Quest,2025
Fallen,2025
David Blaine: Do Not Attempt,2025
Switched at Birth,0
Khakee: The Bengal Chapter,2025
Gypsy Rose: Life After Lock Up,2024
Be@rbrick,2025
Go!,2025
The Residence,2022
Good American Family,2025
Devil in the Family: The Fall of Ruby Franke,2025
Bluey,0
Secrets of Penthouse,2023
Dope Thief,2025
Long Bright River,2025
Adolescence,2025
Welcome to the Family,2025
Private Practice,0
Secrets of Miss America,2023
When Nobody Sees Us,2024
Deli Boys,2025
Togetherness,20152016
Getting On,20132015
Single Long,2012
Medusa,2025
Just One Look,2025
The Leopard,2025
Daredevil: Born Again,2025
Hot Wheels Let’s Race,2025
Nine Bodies in A Mexican Morgue,2025
Tuiskoms,2025
Dabba Cartel,2025
Aitana: Metamorphosis,2025
Roosters,2025
Toxic Town,2025
Running Point,2025
House of David,2025
"Small Town, Big Story",2025
Ziddi Girls,2025
Su majestad,2025
Krank: Berlin,2025
Hunting Hitler,2015
Grosse Pointe Garden Society,2025
The Gold,2023
Suits: L.A.,2025
Oats Studios,20172020
A Thousand Blows,2025
Jury Duty,2023
Onside: Major League Soccer,2025
Zero Day,2025
Good Cop/Bad Cop,2025
Ugly Betty,20062010
My Family,2025
Court of Gold,2025
Camden,2024
Dark City: The Cleaner,2024
Secrets of Sulphur Springs,20212023
Gabby’s Dollhouse,2025
American Murder: Gabby Petito,2025
Goldie,2025
Kafka,2024
Dog Days Out,2025
Intertwined,20212023
Real Madrid: How Could I Not Love You,2025
Harlem Ice,2025
Surviving Black Hawk Down,2025
Doomsday: 10 Ways the World Will End,0
Murdertown,2018
The Greatest Rivalry: India vs Pakistan,2025
Apple Cider Vinegar,2025
Cassandra,2025
The Are Murders,2025
Whiskey on the Rocks,2024
Wizards Beyond Waverly Place,2024
Prison Cell 211,2025
Love You to Death,2025
Joan,2024
My Name Is Earl,20052009
Life in Pieces,20152019
American Godfathers: The Five Families,2024
La Reina del Sur,2011
Allen v. Farrow,2021
Vietnam: The War That Changed America,2025
American Manhunt: O.J. Simpson,2025
The Hooligan,2025
Your Friendly Neighborhood Spider-Man,2025
Ms. Rachel,2025
Watson,2025
Paradise,2025
The Letdown,20172019
Shafted,2025
Shared Custody,2025
The Best Heart Attack of My Life,2025
Super Shark Highway,2024
Supa Team 4,2023
Prime Target,2025
UFO Hunters,2008
Craig Charles: UFO Conspiracies,2022
Lift the Ice,2023
The Hunting Party,2025
The Curious Case of Natalia Grace,2025
Sunshine Slayings,2020
Rita,20122020
Empire 2005,2005
The Face Doctors,2024
The Roshans,2025
Dark Mysteries Anjaan Kahaniyaan,2022
The Toys That Made Us,2017
Destinations of the Damned with Zak Bagans,2024
The Break with Michelle Wolf,2018
Ghosts of Devil’s Perch,2022
Public Disorder,2025
Rome: Rise and Fall of an Empire,2008
Before They Kill Again,2024
The Comeback,20052014
How Disney Built America,2024
The Pitt,2025
The Count of Monte Cristo,2024
Shifting Gears,2025
I Am Ilary,2025
American Primeval,2025
On Call,2025
Hound’s Hill,2025
Subteran,2025
Doc,2024
"Jerry Springer: Fights, Camera, Action",2025
The Breakthrough,2025
Animals Up Close with Bertie Gregory,20222023
The Tunnel,20132018
America’s National Parks,2022
Going Dutch,2025
Love Is Blind: Germany,2025
Unabomber: In His Own Words,2020
Exhibit A,2019
El caso Alcàsser,2019
Missing You,2025
Colin from Accounts,2024
Ourika,2024
Where Is Baby Gabriel,2024
The Real CSI: Miami,2024
Dream Productions,2024
The Darkness,2024
The Pike County Murders: A Family Massacre,2023
Take My Tumor,2024
UniverXO Dabiz,2024
The Secret Lives of Animals,2024
Aaron Rodgers: Enigma,2024
Martin Scorsese Presents: The Saints,20242025
Dexter: Original Sin,2024
1992,2024
Invisible,2024
Until I Kill You,2024
National Parks: USA,2024
La Palma,2024
No Good Deed,2024
The Kings of Tupelo: A Southern Crime Saga,2024
One Hundred Years of Solitude,2024
Uonderbois,2024
Polo,2024
Secret Level,2024
Hidden Wonders of Europe,2022
The Sticky,2024
Creature Commandos,2024
Beastars,2024
Jentry Chau vs. The Underworld,2024
Black Doves,2024
North Atlantic: The Dark Ocean,2023
Churchill at War,2024
Jaguar Journals,2024
Star Wars: Skeleton Crew,20242025
Pirates: Behind the Legends,2024
The Russell Murders: Who Killed Lin & Megan?,2023
Fall River,2021
Earth Abides,2024
Beyond: UFOs and the Unknown,2024
Best. Worst. Weekend. Ever,2018
1994,2019
Club de Cuervos,0
The Agency,2024
Senna,2024
Big Cats 24/7,2024
The Madness,2024
Yellowstone: One-Fifty,2022
Get Millie Black,2024
Cold Case: Who Killed JonBenét Ramsey,2024
Tsunami: Race Against Time,2024
Solar System,2024
The Edge of Sleep,2024
Gladiators,2024
900 Days Without Anabel,2024
The Helicopter Heist,2024
Waack Girls,2024
Cruel Intentions,2024
Tokyo Override,2024
A Man on the Inside,2024
Asia,2024
Royal Rules of Ohio,2024
Avetrana: This Is Not Hollywood,2024
Our Oceans,2024
Adorazione,2024
Interior Chinatown,2024
Dune: Prophecy,2024
Landman,2024
Julia,20222023
Colosseum,2024
A Very Royal Scandal,2024
Say Nothing,2024
Cross,2024
Out There: Crimes of the Paranormal,2024
Sisters Feud,2024
Mothers of Penguins,2024
St. Denis Medical,2024
Black Widow,2024
The Invisible Girl,2023
Something Undone,2021
The Day of the Jackal,2024
Néboa,2020
La Fortuna,2021
Joe vs. Carole,2022
Investigation Alien,2024
Bank Under Siege,2024
La Cage,2024
Every Minute Counts,2024
Cromañon,2024
Coma,2024
Countdown: Paul vs Tyson,2024
Citadel: Honey Bunny,2024
Love Is Blind: Argentina,2024
Good Times,2024
Murder in the First,20142016
In the Arena: Serena Williams,2024
Frasier 2023,2024
Barbie Mysteries: The Great Horse Chase,2024
Don’t Come Home,2024
Murder Mindfully,2024
Children of the Church Steps,2024
The Manhattan Alien Abduction,2024
"Go Ahead, Brother",2024
You Would Do It Too,2024
"Miskina, la pauvre",2024
The Disappearance of Kimmy Diore,2024
The Last Night at Tremore Beach,2024
Before,2024
Territory,2024
Beauty in Black,2024
This Is the Zodiac Speaking,2024
The Comeback: 2004 Boston Red Sox,2024
Ludwig,2024
La Máquina,2024
Happy’s Place,2024
The Confidante,2024
Georgie and Mandy’s First Marriage,2024
Rivals,2024
Snakes and Ladders,2024
The Office 2024,2024
Gundam: Requiem for Vengeance,2024
Side Hustlers,2024
Ninjago: Dragons Rising,2023
Phrogging: Hider in My House,2022
Born Evil: The Serial Killer and the Savior,2024
At Witt’s End the Hunt for a Killer,2024
Nemesis,2024
NCIS: Origins,2024
American Sports Story,2024
Mighty MonsterWheelies,2025
"My Mum, Your Dad",2023
Regreso a Las Sabinas,2024
TikTok: Murder Gone Viral,2024
America’s Backyard Gold,2024
Disclaimer,2024
Teacup,2024
Sweetpea,2024
Citadel: Diana,2024
Married to Evil,2023
Starting 5,2024
Deceitful Love,2024
The Secret of the River,2024
Killer Town,2022
The Black Widower: The Six Wives of Thomas Randolph,2024
The Franchise,2024
Paris Has Fallen,2024
Last Days of the Space Age,2024
Lost U-Boats of WWII,2024
Where’s Wanda,2024
Doctor Odyssey,2024
Penelope,2024
Ayla y los Mirror,2024
Grotesquerie,2024
Nobody Wants This,2024
Los Reyes de Oriente,2024
Mr. McMahon,2024
Murder in a Small Town,2024
Midnight Family,2024
Brilliant Minds,2024
Six Silent Killings: Ireland’s Vanishing Triangle,2023
Six Schizophrenic Brothers,2024
Matlock,2024
Rescue: HI-Surf,2024
The Tesla Files,2018
Lost Gold of WW2,2020
Monsters: The Lyle and Erik Menendez Story,2024
Blood Legacy,2024
The Penguin,2024
La Maison,2024
Courtois: The Return Of The Number 1,2024
Twilight of the Gods,2024
Agatha All Along,2024
Moonflower Murders,2024
Dream Girl: The Making of Marilyn Monroe,2022
House of Promises,20222023
Vítimas Digitais,2019
Sequía,2022
Inside,20182019
Giants,0
Clean Sweep,2023
High Potential,2024
Envidiosa,2025
What’s Next: The Future with Bill Gates,2024
The Vow,2024
In Vogue: The 90s,2024
How to Die Alone,2024
Fight Night: The Million Dollar Heist,2024
En fin,2024
The New Adventures of Old Christine,0
A Real Bug’s Life,2025
Ángel Di María: Breaking Down the Wall,2024
Into the Fire: The Lost Daughter,2024
Billionaire Island,2024
The Unbelievable with Dan Aykroyd,2023
Jack Whitehall: Fatherhood with My Father,2024
Catch Me a Killer,2024
Call Me Bae,2024
Caught in the Web: The Murders Behind Zona Divas,2024
The Perfect Couple,2024
The Tower,0
The Enfield Haunting,2015
Southland,0
War of the Worlds,2024
Valkyrien,2017
The City and the City,2018
Moscow Noir,2018
Hello Ladies,0
Grisse,2018
En el corredor de la muerte,2019
Beat,2018
Breathless,2024
K-Pop Idols,2024
IC 814: The Kandahar Hijack,2024
Kaos,2024
Worst Ex Ever,2024
Selenkay,2024
The Accident,2024
Wyatt Earp and the Cowboy War,2024
OceanXplorers,2024
American Murder: Laci Peterson,2024
Perfekt Verpasst,2024
Stags,2024
Bad Monkey,2024
Shrill,20192021
Blue Ribbon Baking Championship,2024
Secret World of Sound with David Attenborough,0
Love Is Blind: UK,2024
Sote,2024
Love Is Blind: México,2024
Igry,2024
Batman: Caped Crusader,2024
Cowboy Cartel,2024
Women in Blue,2024
Artfully Designed,2022
Queen of Crypto,2023
Seduced to Slay,2023
Quiet on Set: The Dark Side of Kids TV,2024
Dirty Pop: The Boy Band Scam,2024
Betty la Fea: The Story Continues,2024
Resurrected Rides,2024
The Decameron,2024
Tribhuvan Mishra CA Topper,2024
Time Bandits,2024
Those About to Die,2024
Omnivore,2024
Lady in the Lake,2024
Mr Bigstuff,2024
Simone Biles: Rising,2024
The Yara Gambirasio Case: Beyond Reasonable Doubt,2024
Emperor of Ocean Park,2024
LaLiga: All Access,2024
Wonderoos,2024
Murder in the Village: Who Killed the Doctor’s Wife,2024
A Good Girl’s Guide to Murder,2024
Me,2024
Exploding Kittens,2024
Sausage Party: Foodtopia,2024
Receiver,2024
Sunny,2024
Fallen Idols: Nick and Aaron Carter,2024
Taylor Swift vs. Scooter Braun,2024
Desperate Lies,2024
The Man with 1000 Kids,2024
Sprint,2024
Zoi,2023
WondLa,2025
Oloture: The Journey,2024
Owning Manhattan,2024
Lucrecia: A Murder in Madrid,2024
My Lady Jane,2024
Supacell,2024
Land of Women,2024
Kaulitz & Kaulitz,2025
Gangs of Galicia,2024
America’s Sweethearts: Dallas Cowboys Cheerleaders,2025
Cult Massacre: One Day in Jonestown,2024
Hotel Cocaine,2024
We Were the Lucky Ones,2024
Presumed Innocent,2024
Under the Bridge,2024
Fantasmas,2024
Queenie,2024
Becoming Karl Lagerfeld,2024
Hitler and the Nazis: Evil on Trial,2024
The Acolyte,2024
Clipped,2024
Insomnia 2024,2024
Viktor Bringt’s,2024
Raising Voices,2024
How to Ruin Love,2024
Dancing for the Devil: The 7M TikTok Cult,2024
Geek Girl,2024
Eric,2024
The Life You Wanted,2024
Who Killed Him,2024
Jurassic World: Chaos Theory,0
Tires,2025
Toughest Forces on Earth,2024
Population: 11,2024
The Big Cigar,2024
"Ashley Madison: Sex, Lies & Scandal",2024
Django,2024
The Ultimatum: South Africa,2024
Cooking Up Murder: Uncovering the Story of César Román,2024
Doctor Who 2024,2025
Iwájú,2024
Shardlake,2024
Bodkin,2024
Maxton Hall: The World Between Us,2024
Dark Matter,2024
Hollywood Con Queen,0
The Tattooist of Auschwitz,2024
Bros,2024
"Thank You, Goodnight: The Bon Jovi Story",2024
Star Wars: Tales of the Empire,2024
Red Eye,2024
Postcards,2024
A Man in Full,2024
Heeramandi: The Diamond Bazaar,2023
The Veil,2024
Fiasco,2024
Queens,2024
Together: Treble Winners,2024
See You in Another Life,2024
Pose,2021
The Great Indian Kapil Show,2024
Knuckles,2024
The Asunta Case,2024
Dead Boy Detectives,2024
Deliver Me,2024
Life & Beth,2024
Brigands: The Quest for Gold,2024
Regular Show,20102017
The Bold Type,20172021
The West Wing,19992006
The O.C,20032007
Frasier,19932004
King of the Hill,19972010
Our Living World,2024
Don’t Hate the Player,2024
The Sympathizer,2024
The Girls on the Bus,2024
Franklin,2024
Midsummer Night,2024
Baby Reindeer,2024
The Hijacking of Flight 601,2024
Fallout,2024
Anthracite,2024
A Gentleman in Moscow,2024
Sugar,2024
Crooks,2024
Ripley,2024
Files of the Unexplained,2024
Crime Scene Berlin: Nightlife Killer,2024
Parish,2024
Ronja the Robber’s Daughter,2024
Renegade Nell,2024
Homicide: New York,2024
X-Men ’97,2024
3 Body Problem,2024
Apples Never Fall,2024
Palm Royale,2024
Killer Soup,2024
Big Girls Don’t Cry,2024
Iron Reign,2024
The Outreau Case: A French Nightmare,2024
Manhunt,2024
Turning Point: The Bomb and the Cold War,2024
Bandidos,2025
The Gentlemen,2024
The Signal,2024
Death and Other Details,2024
The Regime,2024
Anikulapo: Rise of the Spectre,2024
Red Queen,2024
On the Roam,2024
Maamla Legal Hai,2024
Furies,2024
Elsbeth,2024
The Completely Made-Up Adventures of Dick Turpin,2024
American Conspiracy: The Octopus Murders,2024
Can I Tell You A Secret,2024
Shôgun,2024
Tracker,2024
House of Gods,2024
The Walking Dead: The Ones Who Live,2024
Sexy Beast,2024
Earthsounds,0
Poacher,2024
The Second Best Hospital in the Galaxy,2025
Restaurants at the End of the World,2024
Avatar: The Last Airbender,2024
Messi’s World Cup: The Rise of a Legend,2024
Constellation,2024
The Dynasty,2024
Choir,2024
The New Look,2024
Tú también lo harías,2024
One Day,2024
Mr. & Mrs. Smith,2024
Baby Bandito,2024
Alexander: The Making of a God,2024
Masters of the Air,2024
Expats,2024
Soon Comes Night,2024
Griselda,2024
Six Nations: Full Contact,2025
Zorro,2024
The Avengers: Earth’s Mightiest Heroes,0
Hazbin Hotel,2024
Indian Police Force,2024
Monsieur Spade,2024
Love Is Blind: Sweden,2025
Demons and Saviors,2023
End of the Line,0
American Nightmare,2024
Lost in Oz,20152018
The Lion Guard,20152019
The Incredible Hulk,19961998
Spider-Man,2003
Star Wars: Resistance,20182020
Ninjago: Masters of Spinjitzu,20112019
Sonny with a Chance,20092011
Bob’s Burgers,2024
Ted,2024
Champion,2024
The Suite Life of Zack & Cody,20052008
Iron Man,19941996
Boy Swallows Universe,2024
Detective Forst,2024
Wild Cards,2025
Mako Mermaids,2013
Criminal Record,2024
Echo,2024
H2O: Just Add Water,20062010
Rescue Me,20042011
X-Men: The Animated Series,19921997
Sanctuary: A Witch’s Tale,2023
The Brothers Sun,2023
Platform 7,2023
Law & Order: Special Victims Unit,2024
Before We Die,2021
Fool Me Once,2024
Ultimate Spider-Man,20122017
Corporate,20182020
Spawn,19971999
Captains of the World,2023
The Cleveland Show,20092013
That’s So Raven,20032007
The Lost Room,2006
Wayward Pines,20152016
Berlin,2023
Professor T,2021
Tell Me You Love Me,2007
War: Wrath and Revenge,2023
Extended Family,2023
Party of Five,19942000
Red Oaks,20142017
The Decalogue,19891990
Planners,2023
The Manny,2024
The Golden Hour,2022
The Best Man: The Final Chapters,2022
The Artful Dodger,2023
Black Cake,2023
Percy Jackson and the Olympians,2023
Cindy la Regia: The High School Years,2023
The Serial Killer’s Wife,2023
Star Wars: Rebels,20142018
Gravity Falls,20122016
Yoh! Christmas,2023
Los Farad,2023
First Act,2023
Alias,20012006
Car Masters: Rust to Riches,2024
If I Were Luísa Sonza,2023
1670,2023
Under Pressure: The U.S. Women’s World Cup Team,2023
World War II: From the Frontlines,2023
High Tides,2025
My Life with the Walter Boys,2023
Bookie,2024
Isabel Preysler: Mi Navidad,2023
Blood Coast,2023
John Lennon: Murder Without a Trial,2023
Ondskan,2023
Entitled,2023
Dhootha,2023
Obliterated,2023
Reservation Dogs,20212023
Bad Surgeon: Love Under the Knife,2023
The Doll Factory,2023
The Couple Next Door,2023
Faraway Downs,2023
A Nearly Normal Family,2023
Replacing Chef Chico,2023
Ololade,2023
In Your Dreams,2023
Utopia Falls,2020
The Village,2023
Squid Game: The Challenge,2023
The Railway Men: The Untold Story of Bhopal 1984,2023
Everything Is Well,2023
Monarch: Legacy of Monsters,2023
Rainbow Rishta,2023
Nothing to See Here,2024
Love is for the Strong,2023
Twin Love,2023
Drive with Swizz Beatz,2023
The Interpreter of Silence,2023
Brawn: The Impossible Formula 1 Story,2023
Feedback,2023
How to Become a Mob Boss,2023
Criminal Code,2025
Suburræterna,2023
Itxaso,2023
A Murder at the End of the World,2023
Beacon 23,2024
The Curse,2023
007: Road to a Million,2023
Untameable,2023
"The Billionaire, the Butler & the Boyfriend",2023
Escaping Twin Flames,2023
Robbie Williams,2023
The Buccaneers,2025
Lawmen: Bass Reeves,2023
Orphan Black: Echoes,2023
Memento Mori,2023
Romantic Getaway,2023
P.I. Meena,2023
Romancero,2023
Los Billis,2023
Ferry: The Series,2023
Erin & Aaron,2023
Blackwater,2023
All the Light We Cannot See,2023
Batman: The Animated Series,19921995
Covert Affairs,20102014
Till Murder Do Us Part: Soering vs. Haysom,2023
Mysteries of the Faith,2023
Paranormal Revenge,2023
American Dad,2005
Curses,2024
The Enfield Poltergeist,2023
Master Peace,2023
"Yosi, the Regretful Spy",2023
The Vanishing Triangle,2023
Tore,2023
Sebastian Fitzek’s Therapy,2023
Praise Petey,2023
The Lions of Sicily,2023
Life on Our Planet,2023
Absolutni debiutanci,2023
Payback,2023
Get Gotti,2023
Sultan of Delhi,2023
Surviving Paradise,2023
The Burning Girls,2023
Medinah,2023
Bodies,2023
Neon,2023
The Long Shadow,2023
Gray,2023
Kaala Paani,2023
Codename: Annika,2023
I Woke Up a Vampire,2024
Goosebumps,2025
Everybody Loves Diamonds,2023
Lessons in Chemistry,2023
Alphonse,2023
The Fall of the House of Usher,2023
Myth of the Zodiac Killer,2023
Messi Meets America,2023
4Ever,2023
Pact of Silence,2023
The Greatest Show Never Made,2023
Big Vape: The Rise and Fall of Juul,2023
Liv and Maddie,20132017
Fortitude,20152018
High Fidelity,2020
Key and Peele,20122015
Star Wars: The Clone Wars,20082020
Stranded with My Mother-in-Law,2025
A Thin Line,2023
Skam,20152017
Lie to Me,20092011
SHE Must Be Obeyed,2023
Found,2024
Killer Coaster,2023
Desperately Seeking Soulmate: Escaping Twin Flames Universe,2023
Everything Now,2023
Dear Mama,2022
Beckham,2023
Dawson’s Creek,1998
Continuum,2015
Chewing Gum,2017
Breakout Kings,2012
Choona,2023
Gen V,2023
L-Pop,2023
Encounters,2023
Who Killed Jill Dando?,2023
The Irrational,2024
Irresistible,2023
Like for Sale,2023
Aakhri Sach,2023
Wolf,2023
The Three Detectives,2023
The Continental: From the World of John Wick,2023
Still Up,2023
The Super Models,2023
The Lovers,2023
Kaala,2023
Wilderness,2023
Wrestlers,2023
Thursday’s Widows,2023
The Other Black Girl,2023
Miseducation,2023
Bambai Meri Jaan,2023
Class Act,2023
Spy Ops,2023
Burning Body,2023
The Killing Kind,2023
The Walking Dead: Daryl Dixon,2024
The Changeling,2023
Dear Child,2023
Predators,2023
Then You Run,2023
Justified: City Primeval,2023
The Woman in the Wall,2023
Reporting for Duty,2023
Infamy,2023
666 Park Avenue,20122013
Who Is Erin Carter,2023
One Piece,2023
Live to 100: Secrets of the Blue Zones,2023
Heart of Invictus,2023
Everybody Loves Raymond,19962005
Casa Grande,2023
Wayne Shorter: Zero Gravity,2023
Wanted: The Escape of Carlos Ghosn,2023
Untold: Swamp Kings,2023
The Winter King,2023
Ahsoka,2023
Hannah Montana,2006
Malcolm in the Middle,2000
Scream Queens,2015
30 Rock,2006
Guns & Gulaabs,2023
Harlan Coben’s Shelter,2023
New Bandits,2023
Misfortune,2023
Depp V Heard,2023
At Home with the Furys,2023
The Chosen One,2023
Specter: Black Out,2023
Down for Love,2023
Mech Cadets,2023
Painkiller,2023
Strange Planet,2023
The X Files,0
The Hunt for Veerappan,2023
The Lost Flowers of Alice Hart,2023
Heartstopper,2024
The Last Hours of Mario Biondo,2023
Domina,2023
Downey’s Dream Cars,2023
Twisted Metal,2023
Soap Opera,2023
Captain Fall,2023
How to Become a Cult Leader,2023
A Perfect Story,2023
The Secrets of Hillsong,2023
The Lesson Is Murder,2023
Special Ops: Lioness,2024
Pancho Villa. El Centauro del Norte,2023
Kohrra,2023
Full Circle,2023
Survival of the Thickest,2025
The Rising,2022
Spy/Master,2023
Quarterback,2023
Rap Sh!t,2024
Sweet Kaaram Coffee,2023
Adhura,2023
Fatal Seduction,2023
Deep Fake Love,2023
The Horror of Dolores Roach,2023
The King Who Never Was,2023
FreeKs,2023
Muscles & Mayhem: An Unauthorized Story of American Gladiators,2023
Hijack,2023
I’m a Virgo,2023
Sleeping Dog,2023
Glamorous,2023
Class of ’09,2023
Secret Invasion,2023
SisterS,2023
Farm Rebellion,2023
The Torso Killer Confessions,2023
Jee Karda,2023
The Walking Dead: Dead City,2025
The Full Monty,2023
The Surrogacy,2023
Mistresses,2013
Ghosts of Beirut,2023
The Tetris Murders,2022
This World Can’t Tear Me Down,2023
The Playing Card Killer,2023
The Crowded Room,2023
Tour de France: Unchained,2025
Based on a True Story,2024
Blood Curse,2023
Saint X,2023
History’s Greatest Heists with Pierce Brosnan,2023
Arnold,2023
A Town Called Malice,2023
Barracuda Queens,2025
The Idol,2023
Shiny Happy People: Duggar Family Secrets,2023
Vortex,2022
Scoop,2023
Deadloch,2023
Fake Profile,2025
Merlin,2008
Schitt’s Creek,0
The Established Home,2021
Turn of the Tide,2023
Der Greif,2023
Bump,2024
Fubar,2025
American Born Chinese,2023
The Clearing,2023
Platonic,2023
MerPeople,2023
School Spirits,2023
Muted,2023
Kitti Katz,2023
"XO, Kitty",2025
McGregor Forever,2023
Working: What We Do All Day,2023
High Desert,2023
Totally Completely Fine,2023
Everyone Else Burns,2024
Ten Pound Poms,2025
Impuros,2023
Mulligan,2024
City on Fire,2023
Dahaad,2023
The Muppets Mayhem,2023
Party Down,2009
Queen Cleopatra,2023
Missing: Dead or Alive,2023
Dance Brothers,2023
Bupkis,2023
Silo,2024
Murder Masterminds,2021
Bad Signal,2022
Queen Charlotte: A Bridgerton Story,2023
Thalia’s Mixtape: El Soundtrack de mi Vida,2023
Ed Sheeran: The Sum of It All,2023
A Small Light,2023
White House Plumbers,2023
Weekend Family,2024
Mrs. Davis,2023
Máscara contra Caballero,2022
Don’t Trust the B—- in Apartment 23,20122013
Ringo: Glory and Death,2023
It’s All Right!,2023
The King of TV,2023
Matildas: The World at Our Feet,2023
Ralph & Katie,2022
Up Here,2023
Sam – A Saxon,2023
Kindred,2022
The Patients of Dr. García,2023
King of Collectibles: The Goldin Touch,2024
Citadel,2023
Love & Death,2023
The Nurse,2023
Parallèles,2022
Wild Isles,2023
Tooth Pari: When Love Bites,2023
Rough Diamonds,2023
History of the World: Part II,2023
Dead Ringers,2023
Big Beasts,0
Dancing on the Grave,2023
Drops of God,2023
The Diplomat,2024
Tiny Beautiful Things,2023
Chimp Empire,2023
How to Get Rich,2023
Jane,2025
Salade grecque,0
The Last Thing He Told Me,2023
Running for my Truth: Alex Schwazer,2023
Obsession,2023
Florida Man,2023
American Manhunt: The Boston Marathon Bombing,2023
Jubilee,2023
Transatlantic,2023
Journey to the Center of the Earth,2023
The Good Mothers,2023
The Crossover,2023
BEEF,2023
War Sailor,2023
The Power,2023
Unstable,2024
Fearless: The Inside Story of the AFLW,2022
Unseen,2025
The Big Door Prize,2023
Emergency NYC,2023
Wellmania,2023
Great Expectations,2023
Rabbit Hole,2023
The Woman Who Married Three Times,2013
Summer’s Desire,2018
Birthday Letter,2019
Minions,0
My Kind of Country,2023
The Night Agent,2025
El Fin del Amor,2025
28 Days Haunted,2022
The Brave Ones,2022
Rebel Cheer Squad – A Get Even Series,2022
Soprano: Sing or Die,2022
Yeh Kaali Kaali Ankhein,2022
Boundless,2022
Pirate Gold of Adak Island,2022
Suzhal – The Vortex,2025
First Kill,2022
John of God: The Crimes of a Spiritual Healer,2021
Sexy Beasts,2021
Adventure Time: Distant Lands,0
Bandish Bandits,2024
Reprisal,2019
Lenox Hill,2020
Woman with a Suitcase,2016
A-Teen,2018
Time,2018
Falsify,2017
Duel,2017
The Guest,2020
Psychopath Diary,2019
The K2,2016
Search WWW,2019
Chocolate,2019
The Legend of Hao Lan,2019
Born Again,2020
Love And Destiny,2019
If I Can Love You So,2019
Explained,2018
The Most Beautiful Goodbye in the World,2017
Money Game,2020
Diary of a Prosecutor,2019
Cross,2018
Crash Landing on You,2019
Midnight Diner: Tokyo Stories,2019
45 Revoluciones,0
Bad Guys,0
Hymn of Death,0
Fated to Love You,0
Love Rain,0
Death Note,0
Secret Queen Makers,0
Devilish Joy,0
Clean With Passion For Now,2018
The King’s Face,2014
Let’s Eat,2013
Make a Woman Cry,2015
My Amazing Boyfriend,2016
Romance Is a Bonus Book,0
Good Doctor,2013
Trotsky,0
Hostages,0
Parade’s End,2012
Inside the Criminal Mind,2017
Kiss Me First,0
Rise,0
Birdsong,0
Terra Nova,0
Stalker,0
Freakish,0
Dracula,0
Bitten,0
Prime Suspect 1973,0
Comrade Detective,0
One Mississippi,0
Rellik,0
Apple Tree Yard,0
The Mist,0
Paula,0
The White Princess,0
Waco: American Apocalypse,2023
Close to Home: Murder in the Coalfield,2023
MASH,19721983
Lucky Hank,2023
No Traces,2023
Extrapolations,2023
Sky High: The Series,2023
Maestro,2024
Swarm,2023
Class of ’07,2023
The Law of the Jungle,2023
Gotham Knights,2023
Rana Naidu,2025
Real Madrid: Until the End,2023
Unprisoned,2024
Outlast,2024
El grito de las mariposas,2023
Mpower,2023
MH370: The Plane That Disappeared,2023
The Playboy Murders,2023
Rain Dogs,2023
The Pimp: No F***Ing Fairytale,2023
Stolen Youth: Inside the Cult at Sarah Lawrence,2023
Daisy Jones & The Six,2023
Monique Olivier: Accessory to Evil,2023
True Lies,2023
Death by Fame,2024
A Friend of the Family,2023
Not Dead Yet,2024
The Low Tone Club,2023
Liaison,2023
Victoria Small,2019
Cruise Ship Killers,2020
Secret Nazi Expeditions,2023
Murdaugh Murders: A Southern Scandal,2023
Web of Death,2023
Triptych,2023
Fleishman Is in Trouble,2022
The Company You Keep,2023
Hush Hush,2022
La Cabeza de Joaquín Murrieta,2023
Leopard Skin,2023
Animal Control,2025
Hello Tomorrow,2023
Community Squad,2023
A Girl and an Astronaut,2023
The Hair Tales,2023
Horario Estelar,2023
Mila no Multiverso,2023
Full Swing,2025
Death in the Dorms,2023
Eva Lasting,2025
African Queens: Njinga,2023
Poker Face,2025
The Law According to Lidia Poët,2024
#NoFilter,2023
Red Rose,2022
Perfect Match,2024
The Romantics,2023
In Love All Over Again,2023
My Dad the Bounty Hunter,2023
Killing County,2023
Back in the Groove,2022
Damned Saint,2023
Farzi,2023
Class,2023
Dear Edward,2023
Fanny la fan,2017
The Ark,2024
Gunther’s Millions,2023
Freeridge,2023
Cunk on Earth,2022
Welcome to Chippendales,2022
Mind Over Murder,2022
The Snow Girl,2025
Lockwood & Co,2023
Shrinking,2024
Wolf Pack,2023
Extraordinary,2024
Love Never Lies: Poland,2025
George Carlin’s American Dream,2022
Todo Dia a Mesma,2023
Against the Ropes,2023
Accused,2024
Irreverent,2022
Bling Empire: New York,2023
Shanty Town,2023
Represent,2024
Cannibals,2015
The Carrie Diaries,20132014
Les combattantes,2023
That ’90s Show,2024
Night Court,2024
Servant of the People,20152019
The Last of Us,2025
Super League: The War for Football,2023
Break Point,2024
Trial by Fire,2023
Gina Yei,2023
Chasing Waves,2023
Branson,2022
Koala Man,2023
Alert: Missing Persons Unit,2025
Anne Rice’s Mayfair Witches,2025
Black Snow,2025
The Rig,2025
Copenhagen Cowboy,2023
Woman of the Dead,2025
Will Trent,2025
The Lying Life of Adults,2022
Madoff: The Monster of Wall Street,2022
Without Sin,2022
Lady Voyeur,2023
Kaleidoscope,2023
Made in Oslo,2022
The Ultimatum: France,2022
Alpha Males,2025
Treason,2022
Riches,2022
Time Hustler,2022
The Witcher: Blood Origin,2022
The Game,2022
I Hate Suzie,2022
Everythings Trash,2022
"Doogie Kamealoha, M.D",2023
Three Pines,2022
1923,2025
Random Acts of Flyness,2022
Summer Job,2022
Modern Love Amsterdam,2022
Far from Home,2022
Cook at All Costs,2022
Beast of Bangalore: Indian Predator,2022
A Storm for Christmas,2022
The Confessions of Frannie Langton,2022
The Fatal Flaw: A Special Edition of 20/20,2022
A Spy Among Friends,2022
The Recruit,2025
Madam Secretary,20142019
Sonic Prime,2023
Don’t Pick Up the Phone,2022
Last Chance U: Basketball,2022
Glitter,2022
National Treasure,2022
Harry & Meghan,2022
Children of the Underground,2022
Cat,2022
The Bad Guy,2022
The Most Beautiful Flower,2022
I Hate Christmas,2023
The Walk-In,2022
George & Tammy,2022
Vadhandhi,2022
Hostages,2022
Our Only Chance,2022
Galácticos,2022
Snack VS. Chef,2022
Dead End,2022
Willow,2022
Romesh Ranganathan: The Cynic,2022
Crime Scene: The Texas Killing Fields,2022
The Confession,2022
The Secret of the Greco Family,2022
Khakee: The Bihar Chapter,2022
Reasonable Doubt,2024
Limbo,2022
Legacy: The True Story of the LA Lakers,2022
Daddies on Request,2022
Shaq,2022
Our Universe,2022
Hippocrate,2018
Flack,20192021
"Blood, Sex & Royalty",2022
Wednesday,2022
Echo 3,2022
Boris,2007
Reign Supreme,2022
"Pepsi, Where’s My Jet",2022
1899,2022
Threesome,2021
The Stolen Cup,2022
SAS Rogue Heroes,2025
Drop Dead Diva,20092014
Mind Your Manners,2022
Limitless,2022
The Santa Clauses,2023
Tulsa King,2022
Save Our Squad,2022
Love Never Lies: Destination Sardinia,2022
The Montaners,2022
A Grito Herido,2022
The English,2022
Ancient Apocalypse,2024
Mammals,2022
Captains,2022
Buying Beverly Hills,2022
FIFA Uncovered,2022
Dangerous Liaisons,2022
Marie Antoinette,2022
The Boss,2022
Blockbuster,2022
Killer Sally,2022
Reboot,2022
Urban Legend,2022
Inside Man,2022
The Ex-Wife,2025
Indian Predator: Murder in a Courtroom,2022
García,2022
My Encounter with Evil,2022
If Only,2022
The Bastard Son & The Devil Himself,2022
I Am a Stalker,2022
Drink Masters,2022
The Devil’s Hour,2024
Dubai Bling,2025
Earthstorm,0
Maggie,2022
Tales of the Jedi,2022
Guillermo del Toro’s Cabinet of Curiosities,2022
Witness No. 3,2022
Mr. Midnight: Beware the Monsters,2022
Victorious,2010
This Is Going to Hurt,2022
Skymed,2025
Becoming Elizabeth,2022
Vatican Girl: The Disappearance of Emanuela Orlandi,2022
Life by Ella,2022
Best Foot Forward,2022
High: Confessions of an Ibiza Drug Mule,2022
From Scratch,2022
The Peripheral,2022
The French Mans,2023
Notre-Dame,2022
The Green Glove Gang,2024
Waffles + Mochi’s Restaurant,2022
Sue Perkins: Perfectly Legal,2022
Let the World See,2022
The Captain,2022
Gutsy,2022
The Playlist,2022
The Watcher,2022
Holy Family,2023
Everything Calls for Salvation,2024
Black Butterflies,2022
Shantaram,2022
Wild Croc Territory,2022
Shipwreck Hunters Australia,2022
Island of the Sea Wolves,2022
"Belascoarán, PI",2022
The Winchesters,2022
Cochina Envidia,2022
Let the Right One In,2022
The Mole,2024
Fire Country,2024
Walker: Independence,2022
The Midnight Club,2022
Family Reboot,2022
Alaska Daily,2022
Conversations with a Killer: The Jeffrey Dahmer Tapes,2022
The Rookie: Feds,2022
High Water,2022
The Fight for Justice: Paolo Guerrero,2022
The D’Amelio Show,2022
Panhandle,2022
Crossfire,2022
East New York,2022
This England,2022
Interview with the Vampire,2024
Phantom Pups,2022
So Help Me Todd,2024
Jungle,2022
Human Playground,2022
The Empress,2024
Eat the Rich: The GameStop Saga,2022
Tell Me Lies,2024
The Girls at the Back,0
Prisma,2022
Only for Love,2022
The Serpent Queen,2024
Vampire Academy,2022
A Private Affair,2022
Monster: The Jeffrey Dahmer Story,2022
El Repatriado,2022
Super/Natural,2022
Fortune Seller: A TV Scam,2022
Andor,2025
Quantum Leap,2023
Santo,2022
Gymnastics Academy: A Second Chance,2022
Sins of Our Mother,2022
The Lørenskog Disappearance,2022
Heartbreak High,2024
Monarch,2022
Tierra Incógnita,2023
Last Light,2022
Epic Adventures with Bertie Gregory,2022
American Gigolo,2022
Janet Jackson,2022
Entrapped,2022
Who Likes My Follower,2022
The Imperfects,2022
Wedding Season,2022
Cars on the Road,2022
Savage River,2022
Diary of a Gigolo,2022
Indian Predator: The Diary of a Serial Killer,2022
The Girl from Plainville,2022
Mike,2022
You’re Nothing Special,2022
Fakes,2022
Devil in Ohio,2022
Dated and Related,2022
Buy My House,2022
The Lord of the Rings: The Rings of Power,2024
We Are Lady Parts,2024
Club América vs. Club América,2022
Off the Hook,2022
The Suspect,2022
Family Secrets,2022
The Patient,2022
Welcome to Wrexham,2025
Drive Hard: The Maloof Way,2022
A Kidnapping Scandal: The Florence Cassez Affair,2022
Partner Track,2022
Ludik,2022
Queer Eye: Brazil,2022
Selling the OC,2024
Mo,2025
Lost Ollie,2022
Under Fire,2022
The Responder,2022
Surfside Girls,2022
Chad & JT Go Deep,2022
House of the Dragon,2024
The Beatles: Get Back,2021
Alma,2
Echoes,2022
Kleo,2024
Bad Sisters,2024
She-Hulk: Attorney at Law,2022
High Heat,2022
Unsuspicious,2022
Floor Is Lava,2022
Sketchbook,2022
Hotel Portofino,2022
Untold: The Girlfriend Who Didn’t Exist,2022
This Fool,2023
Cosmic Love,2022
Go Back Couple,2017
Tales of the Walking Dead,2022
A League of Their Own,2022
Five Days at Memorial,2022
Iron Chef: Brasil,2022
Instant Dream Home,2022
I Am Groot,2023
I Just Killed My Dad,2022
Pretty Little Liars: Original Sin,2024
The Sandman,2025
Lady Tamara,2022
All or Nothing: Arsenal,2022
The Resort,2022
The Informant,2022
Trainwreck: Woodstock ’99,2022
Players,2022
Castle & Castle,2018
Out of Her Mind,2022
Amber Brown,2022
La Jauría,2022
Uncoupled,2022
Keep Breathing,2022
Fanático,2022
Justice Served,2022
Surface,2025
Paper Girls,2022
Witch Hunt,2020
The Most Hated Man on the Internet,2022
Santa Evita,2022
DI4RIES,2023
All the Same… or Not,2023
Chasing Life,20142015
"The Heartthrob: TV Changed, He Didn’t",2022
It Was Always Me,2022
The Bear,2025
Transplant,2023
Indian Predator: The Butcher of Delhi,2022
Bridge and Tunnel,2021
The Rehearsal,2025
Alba,2022
Country Queen,2022
Guilty Party,2021
Resident Evil,2022
How to Change Your Mind,2022
D.B. Cooper: Where Are You,2022
The Longest Night,2022
Pistol,2022
How to Build a Sex Room,2022
Black Bird,2022
"Boo, Bitch",2022
Moonhaven,2022
King of Stonks,2022
Baymax,2022
Gordita Chronicles,2022
The Terminal List,2022
Why Didn’t They Ask Evan,2022
Abbott Elementary,2024
Chloe,2022
Man vs. Bee,2022
Loot,2022
Queen,2022
First Class,2022
The Sex Lives of College Girls,2024
Snowflake Mountain,2022
The Future Of,2022
Liar,2020
You Don’t Know Me,2021
The Old Man,2024
The Summer I Turned Pretty,2023
The Lake,2023
"Web of Make Believe: Death, Lies and the Internet",2022
Maldivas,2022
God’s Favorite Idiot,2022
Faking Hitler,2021
VTC,2021
Dark Winds,2025
The Premise,2021
Oussekine,2022
Intimacy,2022
Single Drunk Female,2023
Keep Sweet: Pray and Obey,2022
Baby Fever,2024
Ms. Marvel,2022
Irma Vep,2022
P-Valley,2022
Two Summers,2022
The Perfect Mother,2022
Mr Good: Cop or Crook,2022
Surviving Summer,2023
The Island of Thirty Coffins,2022
The Real Housewives of Dubai,2024
Tom Swift,2022
Obi-Wan Kenobi,2022
Lovestruck High,2022
Hullraisers,2023
Prehistoric Planet,2022
Paris in Love,2021
And Just Like That,2025
Angelyne,2022
Wrong Side of the Tracks,2025
Now and Then,2022
Night Sky,2022
The Boss Baby: Back in the Crib,2023
The G Word with Adam Conover,2022
The Deep End,2022
The Staircase,2022
Love on the Spectrum U.S.,2025
Conversations with Friends,2022
The Time Traveler’s Wife,2022
New Heights,2022
The Lincoln Lawyer,2024
The Essex Serpent,2022
The Kids in the Hall,2022
Savage Beauty,2024
MaveriX,2022
42 Days of Darkness,2022
I Love That for You,2022
Candy,2022
Our Girl,2013
The Unsolved Murder of Beverly Lynn Smith,2022
Bosch: Legacy,2025
Señorita 89,2022
Welcome to Eden,2023
Girls5eva,2024
The Big Conn,2022
Long Slow Exhale,2022
The Pentaverate,2022
Clark,2022
Blood Sisters,2022
Star Trek: Strange New Worlds,2023
Meltdown: Three Mile Island,2022
Samurai Rabbit: The Usagi Chronicles,2022
Under the Banner of Heaven,2022
The 7 Lives of Lea,2022
Make or Break,2022
Bang Bang Baby,2022
Undone,2022
The Offer,2022
Shining Girls,2022
Gaslit,2022
We Own This City,2022
Barons,2022
The Baby,2022
The Man Who Fell to Earth,2022
"The Thief, His Wife and the Canoe",2022
Billy the Kid,2023
The Long Game: Bigger Than Basketball,2022
They Call Me Magic,2022
Hold Tight,2022
The First Lady,2022
Conversations with a Killer: The John Wayne Gacy Tapes,2022
The Marked Heart,2023
Swimming with Sharks,2022
Heirs to the Land,2022
Mai,2022
How to Survive Being Single,2023
Anatomy of a Scandal,2022
Roar,2022
Outer Range,2024
Fear the Walking Dead: Dead in the Water,2022
The Kardashians,2025
Smother-in-Law,2023
Senzo: Murder of a Soccer Star,2022
Our Great National Parks,2022
Hard Cell,2022
61st Street,2023
Dirty Lines,2022
The Ultimatum: Marry or Move On,2024
Tokyo Vice,2024
Minx,2023
Jimmy Savile: A British Horror Story,2022
Killing It,2022
How We Roll,2022
The Last Bus,2022
Slow Horses,2024
Moon Knight,2022
Johnny Hallyday: Born Rocker,2022
800 Meter,2022
Halo,2024
The Principles of Pleasure,2022
Sanditon,2023
"Young, Famous & African",2025
Standing Up,2022
Human Resources,2023
Alessandro Cattelan: One Simple Question,2022
Cracow Monsters,2022
Eternally Confused and Eager for Love,2022
DMZ,2022
WeCrashed,2022
Soil,2022
The Great Robbery of Brazil’s Central Bank,2022
Rutherford Falls,2022
Bad Vegan: Fame. Fraud. Fugitives,2022
Parenthood,2010
Ruxx,2022
Life After Death with Tyler Henry,2022
Once Upon a Time… Happily Never After,2022
Theodosia,2022
The Last Days of Ptolemy Grey,2022
Queer Eye Germany,2022
That Dirty Black Bag,2022
The Andy Warhol Diaries,2022
Byron Baes,2022
An Astrological Guide for Broken Hearts,2022
The Thing About Pam,2022
Winning Time: The Rise of the Lakers Dynasty,2023
Shining Vale,2023
Partisan,2020
Mentiras,2020
Our Flag Means Death,2023
Pieces of Her,2022
The Boys: Diabolical,2022
The Dropout,2022
Archer,2022
Savage Rhythm,2022
Worst Roommate Ever,2024
The Guardians of Justice,2022
Super Pumped: The Battle for Uber,2022
Law & Order,2024
Painting with John,2023
Find Me in Paris,0
Dupla Identidade,2014
Chasing Life,2019
Balthazar,2018
The Fame Game,2022
Back to 15,2024
From,2024
Dr. Death: The Undoctored Story,2021
Vikings: Valhalla,2024
Race: Bubba Wallace,2022
Veronica Mars,20042019
Jeen-yuhs: A Kanye Trilogy,2022
The Endgame,0
All American: Homecoming,0
La piloto,0
Traición,0
The Bureau,2015
One of Us Is Lying,2022
SISI,2022
Severance,2025
Lincoln’s Dilemma,2022
Secrets of Summer,2022
Oriental Sweets,2016
"Devotion, a Story of Love and Desire",2022
Bel-Air,2024
Power Book IV: Force,2023
On the Edge,2019
Mata Hari,2016
Les Rivieres Pourpres,2018
Presumed Guilty,2021
Il cacciatore,2018
Frikjent,2015
Forhøret,2019
Inventing Anna,2022
The Fear Index,2022
Until Life Do Us Part,2022
The Big Shot Game Show,2022
Trigger Point,2022
Rules of the Game,2022
Reacher,2025
Suspicion,2022
Murderville,2022
Pam & Tommy,2022
El hombre de tu vida,2011
Getting Curious with Jonathan Van Ness,2022
In from the Cold,2022
Feria: The Darkest Light,2022
The Woman in the House Across the Street from the Girl in the Window,2022
The Legend of Vox Machina,2024
The Afterparty,2022
Astrid and Lilly Save the World,2022
Chosen,2022
I Am Georgina,2024
Incastrati,2023
Promised Land,2022
Campanas en la noche,2019
Neymar: The Perfect Chaos,2022
The Gilded Age,2025
Wir Kinder vom Bahnhof Zoo,2021
Thunder in My Heart,2021
That Girl Lay Lay,2023
The Tourist,2024
Summer Heat,2022
As We See It,2022
How I Met Your Father,2023
The Puppet Master: Hunting the Ultimate Conman,2022
Somebody Somewhere,2024
Colonia Dignidad: A Sinister Sect,2021
Wolf Like Me,2023
Archive 81,2022
These Black Black Eyes,2024
Peacemaker,2022
Naomi,2022
Joe Pickett,2023
Pivoting,2022
Hype House,2022
Women of the Movement,2022
Law & Order: Organized Crime,2025
Good Sam,2022
Dalgliesh,2021
Rebelde,2022
The Cleaning Lady,2025
Love Me,2021
The PM’s Daughter,2021
Rainha das Flores,0
Stay Close,2021
The Book of Boba Fett,2021
Kitz,2021
A Very British Scandal,2021
Dug Days,2021
Crime Scene: The Times Square Killer,2021
Anxious People,2021
Stories of a Generation – with Pope Francis,2021
King of Boys: The Return of the King,2021
El ministerio del tiempo,2015
Around the World in 80 Days,2021
Elite Short Stories: Patrick,2021
The Method,2015
Wisting,2019
Baywatch,19892001
Elite Short Stores: Samuel Omar,2021
Mixte,2021
1883,2021
Welcome to Earth,2021
Decoupled,2021
Station Eleven,2021
MacGruber,2021
With Love,2023
Anna Karenina,2017
A Tale Dark & Grimm,2021
Firebite,2021
Selling Tampa,2021
Elite Short Stories: Phillipe Caye Felipe,2021
Coming Out Colton,2021
Grand Crew,2021
American Auto,2021
Twentysomethings – Austin,2021
Saturday Morning All Star Hits!,2021
8 Zeugen,2021
Tiger King: The Doc Antle Story,2021
Aranyak,2021
Landscapers,2021
Voir,2021
Coyotes,2021
Harlem,2023
Perfect Life,20192021
Elves,2021
La faille,2021
Dig Deeper – The Disappearance of Birgit Meier,2021
All or Nothing: Juventus,2021
Hawkeye,2021
Reasonable Doubt: A Tale of Two Kidnappings,2021
True Story,2021
Anna,2021
Harriet the Spy,2021
Dogs in Space,2021
The Line,2021
Cowboy Bebop,2021
The Wheel of Time,2025
Tear Along the Dotted Line,2021
Christmas Flow,2021
Yellowjackets,2025
Stalk,2021
Mayor of Kingstown,2023
Mil Colmillos,2021
Olaf Presents,2021
The Shrink Next Door,2021
Close to Me,2021
Always Jane,2021
Parot,2021
Where is Marta,2021
Arcane,20212024
Glória,2021
The Unlikely Murderer,2021
Catching Killers,2023
Maradona: Blessed Dream,2021
Fairfax,2021
The Time It Takes,2021
Swagger,2023
Colin in Black & White,2021
Call My Agent Bollywood,2021
Dopesick,2021
4400,2021
The Crime of the Century,2021
Invasion,2023
The Girl in the Woods,2021
Queens,2021
Leverage: Redemption,2021
Day of the Dead,2021
Puppy Place,2022
I Know What You Did Last Summer,2021
Chucky,2023
House of Secrets: The Burari Deaths,2021
Pretty Smart,2021
Ghosts,2024
Acapulco,2022
The Billion Dollar Code,2021
CSI: Vegas,0
The Five Juanas,2021
Baking Impossible,2021
Bad Sport,2021
Scaredy Cats,2021
Maid,2021
Luna Park,2021
Dead Mountain,2021
The Chestnut Man,2021
La Brea,2024
Kota Factory,2024
BMF,2025
Jailbirds New Orleans,2021
Midnight Mass,2021
Ganglands,2023
Vendetta – Truth Lies and the Mafia,2021
Foundation,2023
The Wonder Years,2021
Monsters Inside: The 24 Faces of Billy Milligan,2021
Crime Stories: India Detectives,2021
Kevin Can F**k Himself,2021
Jaguar,2021
FBI: International,2024
Our Kind of People,2021
Ordinary Joe,2021
The Lost Symbol,2021
NCIS: Hawai’i,2024
The Big Leap,2021
Reyka,2021
Chicago Party Aunt,2022
Back to the Rafters,2021
The Smart Money Woman,2020
Y: The Last Man,2021
Scenes from a Marriageا,2021
American Rust,2024
Mumbai Diaries 26/11,2023
Kin,2023
On the Verge,2021
Money Heist: From Tokyo to Berlin,2021
Countdown: Inspiration4 Mission to Space,2021
Vigil,2023
The Bite,2021
Sharkdog,2022
Dive Club,2021
Only Murders in the Building,2024
Turning Point: 9/11 and the War on Terror,2021
How to Be a Cowboy,2021
Q-Force,2021
Titletown High,2021
Motel Makeover,2021
Post Mortem: No One Dies in Skarnes,2021
Clickbait,2021
Open Your Eyes,2021
Chapelwaite,2021
Everything Will be Fine,2021
The Chair,0
Nine Perfect Strangers,2025
Heels,2023
Obama: In Pursuit of a More Perfect Union,2021
The Kingdom,2023
Brand New Cherry Flavor,2021
Gone for Good,2021
What If,2024
Fantasy Island,2023
S.O.Z: Soldados o Zombies,2021
Navarasa,2021
Cooking with Paris,2021
Hit and Run,2021
Mr. Corman,2021
Cocaine Cowboys: The Kings of Miami,2021
Watch the Sound with Mark Ronson,2021
Myth & Mogul: John DeLorean,2021
Centaurworld,2021
Jackie Chan Adventures,2001
Feels Like Ishq,2021
Spy City,2021
Dr. Death,2021
Power Book III: Raising Kanan,2025
Johnny Test,2022
SurrealEstate,2023
Naomi Osaka,2021
The Walking Dead: Origins,2021
The North Water,2021
Schmigadoon!,2021
American Horror Stories,2023
Heist,2021
My Unorthodox Life,2022
Trailer Park Boys: The Animated Series,0
Star Trek: The Original Series,0
Ridley Jones,2021
Trailer Park Boys,0
Lilyhammer,0
Longmire,0
Dani Who?,2019
The White Lotus,2025
Zuleikha Opens Her Eyes,2020
Too Close,0
The War Next-Door,2022
I Think You Should Leave with Tim Robinson,2023
La cocinera de Castamar,2021
Terminator: The Sarah Connor Chronicles,0
Monsters at Work,2024
How to Become a Tyrant,2021
Elize Matsunaga: Once Upon a Crime,2021
Resident Evil: Infinite Darkness,2021
Gossip Girl 2021,2022
Educando a Nina,2016
Cat People,2021
Tom and Jerry in New York,2021
The Hollow Crown,2016
La Leyenda de Sergio Ramos,2021
Flatbush Misdemeanors,2022
Exit,2019
Young Royals,2024
Generation 56K,2021
Sophie: A Murder in West Cork,2021
Somos,2021
Hacks,2025
September Mornings,2021
The Mysterious Benedict Society,2022
Ray,2021
The Beast Must Die,2021
Jiva!,2021
Intergalactic,2021
Moloch,2020
Gossip Girl,2007
Physical,2023
Prime Day Show,2021
Elite Short Stories: Carla Samuel,2021
Katla,2021
The Pursuit of Love,2021
Elite Short Stories: Omar Ander Alexis,2021
Elite Short Stories: Nadia Guzmán,2021
The Republic of Sarah,2021
When Calls the Heart,2025
Buffy the Vampire Slayer,1997
Elite Short Stories: Guzmán Caye Rebe,2021
Blindspotting,2023
Clarkson’s Farm,2025
Modus,2015
Loki,2023
Time 2021,2024
Human – The World Within,2021
Sweet Tooth,2024
Dom,2024
Lisey’s Story,2021
Paradise Lost,2020
Luis Miguel: The Series,2021
Creator’s File: Gold,0
Panic,2021
Solos,2021
1971: The Year That Music Changed Everything,2021
The Me You Can’t See,2021
Run the World,2023
Alma Matters,2021
The Last Hour,2021
Sasquatch,2021
Halston,2021
The Underground Railroad,2021
The Upshaws,2025
Jupiter’s Legacy,2021
Star Wars: The Bad Batch,2023
The Sons of Sam: A Descent into Darkness,2021
Monk,20022009
Leonardo,2021
The Innocent,2021
The Mosquito Coast,2022
Sexify,2023
The Fresh Prince of Bel-Air,19901996
Shadow and Bone,2023
Zero,2021
Cruel Summer,2023
Mare of Easttown,2021
Dead Places,2021
Big Shot,2022
Why Are You Like This,2018
Dad Stop Embarrassing Me,2021
The Nevers,2021
Sex and the City,1998
Spaced,1999
Rebel,2021
Them,2024
The Wedding Coach,2021
Home Economics,2021
Kung Fu,2022
This is a Robbery: The World’s Biggest Art Heist,2021
Snabba Cash,2022
Full House,19871995
Worn Stories,2021
The Sister,2020
The Salisbury Poisonings,2020
Robbie,2020
On Pointe,2020
My Dead Ex,2018
Magic of Disney’s Animal Kingdom,0
Earth to Ned,2021
Becoming,2020
Alternatino with Arturo Castro,2019
The Serpent,2021
United States of Al,2021
Made for Love,2022
Haunted – Latin America,2021
Dave,2021
The Mighty Ducks: Game Changers,2022
Coyote,2021
The Irregulars,2021
La templanza,2021
Invincible,2025
Who Killed Sara,2022
Cypher,2021
Desperate Housewives,20042012
The Investigation,2021
The Houseboat,2021
It’s a Sin,2021
Calls,2021
The Falcon and the Winter Soldier,2021
Country Comfort,2021
Sky Rojo,2023
Zero Chill,2021
The Lost Pirate Kingdom,2021
Making Their Mark,2021
Marriage or Mortgage,2021
The One,2021
Dealer,2021
Bombay Begums,2021
Bloodlands,2021
Nevenka: Breaking the Silence,2021
Murder Among the Mormons,2021
Debris,2021
Age of Samurai: Battle for Japan,2021
Canine Intervention,2021
Ginny & Georgia,2025
Superman and Lois,2024
Young Rock,2021
Pitta Kathalu,2021
Tribes of Europa,2021
Kenan,2021
Amend: The Fight for America,2021
Behind Her Eyes,2021
The Crew,2021
Clarice,2021
Capitani,2022
Crime Scene: The Vanishing at the Cecil Hotel,2021
The Equalizer,2024
A Perfect Planet,2021
Invisible City,2023
Hache,2021
Firefly Lane,2022
Kid Cosmic,2021
We Are: The Brooklyn Saints,2021
Resident Alien,2025
Hidden,2019
Walker,2024
Fate: The Winx Saga,2022
Spycraft,2021
Daughter from Another Mother,2022
Inside Pixar,2020
Tiger,2021
WandaVision,2021
Bling Empire,2022
Tandav,2021
Night Stalker: The Hunt for a Serial Killer,2021
Insomnia,2018
Four Weddings and a Funeral,2019
Marvel Studios LEGENDS,2023
Pretend It’s a City,2021
Lupin,2023
Mr. Mayor,2022
Surviving Death,2021
History of Swear Words,2021
Call Me Kat,2022
The 43,2020
The Watch,2020
SanPa: Sins of the Savior,2020
Equinox,2020
Sakho & Mangane,2020
Bridgerton,2022
Shadowplay,2020
Paava Kadhaigal,2020
El Cid,2021
The Stand,2020
Break It All: The History of Rock in Latin America,2020
Anitta: Made in Honório,2020
The Ripper,2020
How to Ruin Christmas,2022
The Pack,2020
The Expecting,2020
Tiny Pretty Things,2020
The Mess You Leave Behind,2020
The Wilds,2022
The Surgeon’s Cut,2020
Swedish Dicks,2018
Room 2806: The Accusation,2020
Your Honor,2023
Earth at Night in Color,2021
Kings of Jo’burg,2025
Bhaag Beanie Bhaag,2020
Selena: The Series,2021
30 Coins,2020
Fierce Queens,2020
Alien Worlds,2020
Romulus,2023
Regular Heroes,2020
Take Us Home: Leeds United,2020
Over Christmas,2020
Two Weeks to Live,2020
Black Narcissus,2020
Marvel 616,2020
The Flight Attendant,2022
Voices of Fire,2020
Mismatched,2024
Big Sky,2022
We Are the Champions,2020
50 States of Fright,2020
Becoming You,2020
The Minions of Midas,2020
A Teacher,2020
Trial 4,2020
Aunty Donna’s Big Ol’ House of Fun,2020
The Liberator,0
Moonbase 8,2020
How to with John Wilson,2023
Dash & Lily,2020
Industry,2024
Country Ever After,2020
Carmel: Who Killed Maria Marta,2020
Love & Anarchy,2020
Dollface,2019
No Man’s Land,2024
Truth Seekers,2020
The Undoing,2020
Sanctuary,2019
Madagascar: A Little Wild,2020
Grant,2020
A Suitable Boy,2020
Perdida,2020
Move  الموسم الأول,2020
The Queen’s Gambit,2020
Barbarians,2022
Helstrom,2020
Dream Home Makeover,2022
Grand Army,2020
La Révolution,2020
Someone Has to Die,2020
Social Distance,2020
The Right Stuff,2020
Deaf U,2020
The Haunting of Bly Manor,2020
A World of Calm,2020
To the Lake,2019
Bad Boy Billionaires: India,2020
Next,2020
The Good Lord Bird,2020
Tiny World,2021
Monsterland,2020
The Comey Rule,2020
Song Exploder,2020
Emily in Paris,2022
Soulmates,2020
The Walking Dead: World Beyond,2021
Awkwafina Is Nora from Queens,2021
Enslaved,2020
Muppets Now,2020
Oktoberfest: Beer & Blood,2020
"Good Morning, Verônica",2024
Long Way Up,2020
A Perfect Crime,2020
Des,2020
Sneakerheads,2020
Utopia,2020
The Playbook,2020
Filthy Rich,2020
Special OPS,2020
Jurassic World: Camp Cretaceous,2022
Ratched,2020
The Last Word,2020
Close Enough,2021
Challenger: The Final Flight,2020
We Are Who We Are,2020
The Third Day,2020
The Barrier,2020
The Duchess,2020
Julie and the Phantoms,2020
Sofiya,2016
In Contempt,2018
GangStars,2018
Death Valley,2011
The Sounds,2020
La Línea: Shadow of Narco,2020
Unsaid Stories,2020
Power Book II: Ghost,2024
Away,2020
Raised by Wolves,2022
Young Wallander,2022
Mapleworth Murders,2020
All or Nothing: Tottenham Hotspur,2020
I Am a Killer: Released,2020
Masaba Masaba,2022
Emily’s Wonder Lab,2020
The Secret Circle,0
Hoops,2020
DeMarcus Family Rules,2020
Biohackers,2021
High Score,2020
Lovecraft Country,2020
Love Life,2021
Teenage Bounty Hunters,2020
The Great Heist,0
Ted Lasso,2023
We Hunt Together,2020
(Un)Well,2020
Dunkelstadt,2020
The New Legends of Monkey,2018
World’s Most Wanted,2020
State of the Union,2022
Die Hart,2023
Mystery Lab,2020
Immigration Nation,2020
Get Even,2020
The Last Narc,2020
Love on the Spectrum,2019
Signs,2020
Norsemen,2020
El Candidato,2019
Brave New World,2020
Panchayat,2020
Kissing Game,2020
Indian Matchmak,0
Cursed,2020
Dark Desire,2022
Breathe: Into the Shadows,2022
The Twelve,2019
Little Voice,2020
Stateless,2020
The Baby-Sitters Club,2021
Ju-on: Origins,2020
"Love, Victor",2021
Warrior Nun,2022
Unsolved Mysteries,2024
I’ll Be Gone in the Dark الموسم الأول,2020
Manhunt,2019
Home Game,2020
When the Streetlights Go On,2020
Perry Mason,2023
NOS4A2,2020
8 Tage,0
Marcella,2018
Quiz,2020
The Head,2022
Intelligence,2021
The Woods,2020
The Search,0
Curon,0
Reality Z,0
Most Dangerous Game,2023
Dummy,2020
I May Destroy You,0
Dear,2022
El Presidente,2022
Can You Hear Me,2020
Alex Rider,2024
Space Force,2022
Central Park,2022
Jeffrey Epstein: Filthy Rich,2020
Barkskins,2020
Betaal,2020
History 101,2022
Blood Machines,2019
Control Z,2022
Blood & Water,2024
The Luminaries,2020
Sweet Magnolias,2023
The Big Flower Fight,2020
Stargirl,2022
Snowpiercer,2022
Paatal Lok,2025
The Great,2023
Survive,2020
White Lines,2020
Inhuman Resources,0
The Unremarkable Juanquini,2021
Devils,2022
Bordertown,2020
Trial by Media,2020
I Know This Much Is True,2020
Hightown,2024
The Hollow,2020
The Eddy,2020
Valeria,2025
Solar Opposites,2024
Gangs of London,2025
Nox,0
Betty,0
Almost Happy,2022
Hollywood,0
Into the Night,2021
Trying,2024
Upload,2023
Summertime,2022
Normal People,2020
Never Have I Ever,2023
The Windsors,2016
Penny Dreadful: City of Angels,2020
Defending Jacob,0
Absurd Planet,0
The Last Dance,2020
Vis a vis: El oasis,0
The Midnight Gospel,0
Home,2022
Hasmukh,0
#blackAF,0
Four More Shots Please,2020
The Innocence Files,2020
Mrs. America,2020
Outer Banks,2024
The Baker and the Beauty,2020
Run,0
The World According to Jeff Goldblum,2022
The Test: A New Era for Australia’s Team,2024
The Trial,2020
Brews Brothers,2020
The Great Train Robbery,2013
High School Musical The Musical The Series,2023
I am,2017
Workin’ Moms,2023
The Big Show Show,0
I Will Never Let You Go,2019
ZeroZeroZero,2020
Home Before Dark,2021
Tales from the Loop,0
Broke,0
The Iliza Shlesinger Sketch Show,2020
How to Fix a Drug Scandal,2020
Almost Paradise,2023
North & South,2004
Rugal,0
Vagrant Queen,0
Unorthodox,0
The Mire,2024
Council of Dads,0
Eye Candy,2015
Freud,0
Restaurants on the Edge,2020
"Tiger King: Murder, Mayhem and Madness",2021
Greenhouse Academy,2020
Self Made: Inspired by the Life of Madam C.J. Walker,0
The English Game,0
Vampires,0
The Letter for the King,0
She,2022
Feel Good,2021
Women of the Night,2020
Motherland: Fort Salem,2022
Kalifat,2020
Little Fires Everywhere,0
The Plot Against America,0
Belgravia,0
100 Humans,2020
The Valhalla Murders,0
Bloodride,0
Psych,2013
Baghdad Central,2020
The Dead Lands,2020
Nowhere Boys,2016
Love Is Blind,2025
Amazing Stories,2020
Breeders,2023
Pup Academy,2020
Toy Boy,2022
Unstoppable,0
Queen Sono,0
The Trials of Gabriel Fernandez,2020
I Am Not Okay with This,0
Dispatches from Elsewhere,0
"The Mind, Explained",2021
Babies,2020
Hyena,2020
Glitch Techs,2020
Puerta 7,2020
Gentefied,2021
Marco Polo,2016
Hunters,20202023
Spectros,2020
The Expanding Universe of Ashley Garcia,2020
Duncanville,0
Taj Mahal 1989,2020
For Life,2020
The Pale Horse,2020
Dragons: Race to the Edge,0
Who killed Malcolm X?,2020
Indebted,2020
Locke & Key,2022
Briarpatch,0
Mythic Quest: Raven’s Banquet,2025
Tommy,0
Katy Keene,0
Interrogation,2020
Sirens UK,2011
The Pharmacist,0
I Am a Killer,2025
All or Nothing: Brazil National Team,2020
Ted Bundy: Falling for a Killer,2020
Luna Nera,0
Ragnarok,2023
The Stranger,0
Night on Earth,2020
Omniscient,0
The Passing Bells,2014
Looking for Alaska,2019
You Cannot Hide,2020
Rise of Empires: Ottoman,2022
The Forgotten Army – Azaadi ke liye,0
Outmatched,0
Star Trek: Picard,2023
October Faction,2020
Avenue,2022
That 70s Show,0
Just Add Magic Mystery City,2020
Ares,0
Little America,2022
Sex Education,2023
68 Whiskey,2020
Killer Inside: The Mind of Aaron Hernandez,2020
Containment,2016
The Healing Powers of Dude,2020
The Outsider,0
Because This Is My First Life,2017
The New Pope,2020
Deadwater Fell,2020
Lincoln Rhyme: Hunt for the Bone Collector,2020
Jamtara: Sabka Number Ayega,2022
Giri/Haji,0
AJ and the Queen,0
Medical Police,0
Fortunate Son,2020
Criminal Minds,2025
FBI: Most Wanted,2024
Zoey’s Extraordinary Playlist,2021
Cheer,2022
Nurses,2021
Harley Quinn,2025
The Gloaming,2020
Party of Five 2020,2020
Deputy,2020
Dracula,2020
Thieves of the Wood,2020
Spinning Out,0
Messiah,0
El vecino,2021
Alexa & Katie,2020
Umbre,0
Kevin Hart: Don’t F**k This Up,0
The Bonfire of Destiny,0
Fast & Furious: Spy Racers,2021
Aranyélet,0
Agent,2019
Dare Me,2019
A Christmas Carol,0
The Witcher,2023
Twice Upon a Time,0
Don’t F**k with Cats: Hunting an Internet Killer,2019
Soundtrack,2019
Matchday: Inside FC Barcelona,0
Three Days of Christmas,2019
The Confession Killer,0
Virgin River,2024
Astronomy Club,0
Truth Be Told,2023
Apache: La vida de Carlos Tevez,2019
Home for Christmas,2020
V-Wars,0
The Moodys,2021
Mytho,2021
Merry Happy Whatever,0
Servant,2023
Section Zero,0
Hernán,0
Singapore Social,2019
Narcoworld: Dope Stories,2019
Dolly Parton’s Heartstrings,2019
Nobody’s Looking,0
Mortel,2021
Who Killed Little Gregory,2019
Holiday Secrets,0
Vienna Blood,2019
The Sleepers,2019
El Club,2019
The Stranded,2019
The Birch,0
Maradona in Mexico,0
The Mandalorian,2023
Little Things,2019
Greatest Events of World War II in HD Colour,2019
Snoopy in Space,0
His Dark Materials,2022
Ghostwriter,2022
For All Mankind,2023
Dickinson,2021
The Morning Show,2023
Ad Vitam,0
See,2022
We are the Wave,2019
Nowhere Man,2019
Mrs. Fletcher,0
Costa Del Sol Squad,0
Brotherhood,2022
Daybreak,2019
"Pablo Escobar, The Drug Lord",2012
Watchmen,0
Toon,2017
Living with Yourself,0
Modern Love,2021
The Unlisted,0
Limetown,2019
Treadstone,0
Dublin Murders,0
The War of the Worlds,2019
Nancy Drew,2023
Batwoman,2019
El Dragón,0
Catherine the Great,2019
Raising Dion,2022
Almost Family,0
Living Undocumented,2019
World on Fire,2023
Bless the Harts,2019
Godfather of Harlem,2025
Sunnyside,2019
Bard of Blood,0
Skylines,0
The Politician,2019
Carol’s Second Act,0
Evil,2024
Perfect Harmony,0
Creepshow,2023
Stumptown,0
Au Service De La France,0
Mixed-ish,2021
Emergence,0
All Rise,2022
Bob Hearts Abishola,2021
Bluff City Law,0
Prodigal Son,2021
Team Kaylie,2019
The Hockey Girls,0
The Unicorn,2020
Vagabond,0
Criminal,2019
The Family Man,2022
Inside Bill’s Brain: Decoding Bill Gates,2019
Chesapeake Shores,0
13 Geboden,0
Monarca,2021
Marianne,0
Unbelievable,2019
Temple,0
The Heart of Sergio Ramos,0
The I-Land,0
The Spy,0
Beforeigners,0
The Capture,2022
Wu Tang : An American Saga,2023
The A List,2021
The Dark Crystal: Age of Resistance,0
Carnival Row,0
En immersion,0
Diagnosis,0
The Righteous Gemstones,2025
White Gold,0
Top Boy,2023
My Husband Won’t Fit,2019
Dark/Web,0
Better Than Us,0
La víctima número 8,0
On Becoming a God in Central Florida,0
Green Frontier,0
Why Women Kill,2021
Happy Jail,0
The InBESTigators,2020
Sintonia,2025
Two Sentence Horror Stories,0
Free Meek,0
Wu Assassins,0
BH90210,0
Wayne,0
This is Football,0
Roman Empire,0
The Boys,2019
Another Life,2021
El Vato,0
The Planets,0
Killjoys,0
Pennyworth,2022
Trepalium,0
Saint Seiya: Knights of the Zodiac,0
Typewriter,0
Pearson,0
Pandora,2019
Hostages,2019
Family Reunion,2022
Scream,0
Dark Mon£y,0
watcher,0
The Last Czars,0
The Loudest Voice,0
The Rook,0
Family Business,2021
The Chosen One,0
The Goldbergs,0
Mr. Iglesias,2020
Reef Break,0
Charite at War,0
Grand Hotel,0
Euphoria,2022
Los Espookys,0
Unit 42,0
Jett,0
Yankee,0
Trinkets,2020
The Alcasser Murders,0
Leila,0
Too Old to Die Young,0
City on a Hill,2022
Tales of the City,0
Doctor Stranger,2014
Coffee Prince,2007
"Perpetual Grace, LTD",0
Swamp Thing,0
Playing with Fire,0
Killer Ratings,0
Bad Blood,0
How to Sell Drugs Online: Fast,2025
When They See Us,0
Good Omens,2023
The InBetween,0
Boston Legal,0
The Hot Zone,0
Partners in Crime,0
High Seas,2019
What/If,0
The Big C,0
Slasher,2023
Blood & Treasure,0
Catch-22,0
L.A.’s Finest,2020
The Inmate,0
The Society,0
Chernobyl,0
Tuca & Bertie الموسم الأول,0
Undercover,2022
Crime Diaries: Night Out,0
Dead to Me,2022
The Red Line,0
Baby Faced Beauty,2011
Shining Inheritance,2009
Mung Bean Flower,0
Chambers,0
Bonding,2021
Gentleman Jack,2022
Bless This Mess,2019
No Good Nick,0
Huge in France,0
Special,2021
The Victim,0
Black Summer,0
Fosse/Verdon,0
The Spanish Princess,2020
Ramy,2019
The Code,0
Warrior,2023
Our Planet,2023
Tijuana,0
Quicksand,0
In the Dark,2022
Mike and molly,0
The Twilight Zone,0
Traitors,0
On My Block,2021
Bitter Daisies,2021
Osmosis,0
Abby’s,0
What We Do in the Shadows,2024
This Giant Beast That is the Global Economy,0
Nero a metà,0
The American West,0
World War II: Lost Films,0
Most Beautiful Thing,2019
Crime Diaries: The Candidate,0
Delhi Crime,2022
Pretty Little Liars: The Perfectionists,0
The Act,0
The Village,0
The Fix,0
Gilmore Girls,2016
The Disappearance of Madeleine McCann,0
If I Hadn’t Met You,0
"Love, Death & Robots",2025
Turn Up Charlie,0
Made in Heaven,0
Formula 1: Drive to Survive,2024
Shadow,0
After Life,2022
The Order,2020
The Name of the Rose,0
Northern Rescue,0
The Widow,0
Unkind Women,2015
Scandal: A Shocking and Wrongful Incident,2013
The Enemy Within,0
Whiskey Cavalier,0
Curfew,0
Rebellion,0
Raising Hope,0
Baptiste,0
Bad Mothers,0
Lorena,0
The Umbrella Academy,2024
Proven Innocent,0
Doom Patrol,2022
Saving Hope,0
Unauthorized Living,2020
Folklore,0
Kono Koi wa Tsumi na no ka!?,0
Hanna,2021
Siempre Bruja,2020
Russian Doll,2022
Roswell New Mexico,2021
Black Earth Rising,0
I Am the Night,0
Superstition,0
Land Girls,0
Unbreakable Kimmy Schmidt,0
Californication,0
El Embarcadero,2020
The Middle,0
El Marginal,2022
Man With A Plan,0
The Passage,0
Friday Night Lights,0
Solo,0
Fam,0
Young Justice,2021
Unspeakable,0
Cleaning Up,0
What Remains,0
Schooled,0
Project Blue Book,0
The A Word,0
Coroner,0
The Crowned Clown,0
The 10th Kingdom,0
Good Trouble,2023
Bloom,0
Les Misérables,0
The Orville,2022
Black Monday,2021
Hollywood Darlings,0
Dying To Belong,0
Inside Jokes,0
Paquita Salas,0
Selection Day,0
The ABC Murders,0
Deadly Class,0
Parfum,0
Diablero,0
Boca Juniors Confidential,0
Parks and Recreation,0
The Long Song,0
Strangers,0
The Innocent Man,0
Tidelands,0
Pine Gap,0
Dogs of Berlin,0
Plan Coeur,2022
Nightflyers,0
1983,0
Baby,2018
Death and Nightingales,0
Mrs. Wilson,0
Castle,0
Dynasties,0
Dirty John,2020
Sick Note,0
Fugitiva,0
Queen America,0
My Brilliant Friend,2024
Escape at Dannemora,0
Dogs,2021
The Kominsky Method,2021
Narcos: Mexico,2021
Origin,0
Warrior,0
Westside,0
Medal of Honor,0
Occupied,0
A Million Little Things,2023
Light as a Feather,2019
Scrubs,2009
Homecoming,0
Tell Me a Story,2019
Transferts,0
Animals,0
Terrorism Close Calls,0
Chilling Adventures of Sabrina,2020
Castlevania,2021
Borderliner,0
Legacies,2021
New Amsterdam,2021
Medici,2019
Crazy Ex-Girlfriend,0
Haunted,2021
Wanderlust,0
Single Parents,0
The Rookie,2025
The Kids Are Alright,0
Charmed,2022
Camping,0
The Romanoffs,0
Into the West,0
Titans,2022
The Haunting of Hill House,0
All American,2025
Manifest,2022
Bite Club,2018
Creeped Out,0
Houdini,2014
Into the Dark,2019
Elite,2023
Happy Together,0
Magnum P.I.,2023
The Neighborhood,2024
The Cry,0
Beau Séjour,0
Guilt,0
Just Another Immigrant,0
The Cool Kids,0
FBI,2024
TURN,2017
Warehouse 13,2013
Mr Inbetween,0
Sorry for Your Loss,0
The Good Cop,0
Maniac,0
Ingobernable,0
A Discovery of Witches,2022
The Dragon Prince,2024
El Jardin de Bronce,2019
The First,0
Forever,0
The Woman in White,0
You,2025
Sisters,0
The Promise,0
The Split,2022
Atypical,2021
Rel,0
The Purge,0
It’s Always Sunny in Philadelphia,2023
The Road to Calvary,0
Vanity Fair,0
Mayans MC,0
La catedral del mar,0
One Dollar,2018
Paradise PD,2022
Kidding,2020
Jack Ryan,0
"I, Claudius",0
Trapped,0
Bodyguard,0
Deadwind,2022
The Innocents,0
Ghoul,0
Ultraviolet,2019
All or Nothing Manchester City,0
Joey,2005
Angie Tribeca,2017
Disenchantment,2022
El punto frio,0
Who Is America?,0
The Librarians,2016
Stan Lee’s Lucky Man,2017
Get Shorty,2019
Secret State,0
Insecure,2021
Guidance,0
The House of Flowers,0
Alphas,2012
Cocaine Coast,2018
Touch,2013
All About The Washingtons,0
Insatiable,0
Hap and Leonard,0
Lodge 49,0
Spring Tide,2016
Wild Wild Country,2018
The Looming Tower,2018
Castle Rock,2019
Free Rein,2019
Unforgettable,0
Agatha Christie’s Poirot,0
Impulse,2019
Fangar,0
La Treve,0
The Forest,0
The Outpost,2021
Samantha!,2019
Sharp Objects,0
Sacred Games,0
Unsolved,0
De Dag,0
Condor,2020
Vida,2020
No Second Chance,0
Secret City,0
Wanted,0
Raven’s Home,0
GLOW,0
Take Two,0
Tagged,0
Yellowstone,2022
Lonesome Dove,0
Cobra Kai,2024
Poldark,0
I Love Dick,0
Oz,0
Cloak & Dagger,0
In Treatment,2021
Carlos,0
A Very English Scandal,0
Dietland,0
Succession,2021
Reverie,0
The Confession Tapes,0
The World Wars,0
Velvet Collection,0
The Assets,0
Picnic at Hanging Rock,0
The Take,0
The Last Post,0
Little Dorrit,0
The Chalet,0
Broken Trail,0
War And Peac,0
London Spy,0
John Adams,0
Sweetbitter,0
Evil Genius,0
Patriot,0
Patrick Melrose,0
Safe,0
La Peste,0
Rush,0
Greenleaf,2016
Versailles,0
Diablo Guardian,2020
The Rain,20182020
One Strange Rock,0
The Oath,0
Hatfields & McCoys,0
Zac and Mia,0
Braquo,0
Deep State,0
Babylon Berlin,2022
Shut Eye,0
Lost in Space,2021
Gone,0
Olive Kitteridge,0
Killing Eve,2022
O Mecanismo,0
ReBoot: The Guardian Code,0
The Boss Baby,2020
The Last O.G.,2020
Ordeal by Innocence,0
Siren,0
"Alex, Inc.",0
Splitting Up Together,0
Trust,0
Barry,2022
The Terror,0
This Close,0
Station 19,2024
Krypton,0
سلاسل العالم Stephen Hawking,0
Deception,0
The Crossing,0
The Long Road Home,0
Instinct,0
Edha,0
Tabula Rasa,0
For the People,0
The Arrangement,0
Life Sentence,0
Harrow,2021
The Frankenstein Chronicles,0
About a Boy,0
Marseille,0
Derry Girls,2022
Caught,0
Living Biblically,0
Good Girls,2021
Seven Seconds,0
Heathers,0
Inside Edge,2019
Troy: Fall of a City,0
Tiempos de guerra,0
Queer Eye,2024
Stargate Origins,0
Loudermilk,2020
Everything Sucks!,0
First Team: Juventus,0
Vis a vis,0
Re:Mind,0
Here and Now,0
Kevin Can Wait,0
Trauma,0
Collateral,0
Our Cartoon President,0
Big Cats,0
Nieuwe Buren,0
Freaks and Geeks,0
Requiem,0
Altered Carbon,0
A.P. Bio,2020
Zone Blanche,0
The Marvelous Mrs. Maisel,2022
Breathe,0
Dirty Money,2020
One Day at a Time,2020
Waco,0
Star,2018
Mosaic,0
The Alienist,2020
The Day Will Come,0
Drug Lords,0
Britannia,0
Black Lightning,2021
The Resident,2021
Divorce,0
4 Blocks,0
The Detectives,2020
Mary Kills People,0
StartUp,0
Burden of Truth,2021
Grand Hotel,0
Survivors Remorse,0
Rotten,2019
Hard Sun,0
Grown-ish,2022
DEVILMAN: crybaby,0
The End of the F***ing World,0
Lovesick,0
Seven Types of Ambiguity,0
Alone Together,2018
La Mante,0
McMafia,0
La casa de papel,2021
LA to Vegas,0
The Indian Detective,0
Dope,2019
The Mayor,0
The Good Place,0
Jean-Claude Van Johnson,0
Erased,0
The Chi,2025
Law and Order True Crime,0
Wormwood,0
Trollhunters,0
Counterpart,0
Blue Planet II,0
The Loch,0
Happy,0
Knightfall,0
Easy,0
Six Feet Under,0
1864,0
Dark,20172020
Mars,0
Glitch,2019
She’s Gotta Have It,0
Godless,0
Under the Dome,0
Runaways,2019
Les Revenants,0
shot in the dark,0
World Without End,2012
The Punisher,0
Life Unexpected,0
Future Man,2020
Hand of God,0
The Good Wife,0
The Pillars of the Earth الموسم الأول,2010
Lady Dynamite,0
Curb Your Enthusiasm,2024
Smilf,0
S.W.A.T,2024
Damnation,0
The Girlfriend Experience,2021
Generation Kill,0
Wake In Fright,0
The Day I Met El Chapo,0
Jamestown,0
Jane the Virgin,0
NCIS: Los Angeles,2022
Gunpowder,0
The Cape,2011
Angels in America,0
Haters Back Off,0
House of Saddam,0
Recovery Road,0
Deep Water,0
Ghost Wars,0
Treme,0
Tin Star,2020
Lore,0
Mindhunter,0
Human Target,0
Dynasty,2021
Valor,0
Pretty Little Liars,0
Bull,2021
Wrecked,0
Suburra,2020
Extinct,2017
Mildred Pierce,2011
Kevin Probably Saves the World,0
9JKL,0
The Gifted,0
Lost Girl,0
Ten Days in the Valley,0
Wisdom of the Crowd,0
Younger,2016
White Famous,0
Absentia,2020
The Magic School Bus Rides Again,0
Fresh Meat,0
Inhumans,0
Big Mouth,2025
Born To Kill,0
The Brave,2017
SEAL Team,2024
Evil Things,2017
Alias Grace,0
Young Sheldon,2024
"Me, Myself and I",0
The Good Doctor,0
Star Trek: Discovery,2024
The Tudors,2010
True Blood,2014
Reign,2017
Star-Crossed,2014
Ghosted,0
The Newsroom,0
The Borgias,2013
Battlestar Galactica,0
Smallville,2009
The Magicians,2020
Utopia,0
The Simpsons,2024
Beauty and the Beast,2016
Berlin Station,0
Stitchers,2017
Arrested development,0
The Tomorrow People,2013
Heroes,0
Revolution,0
Chicago PD,2024
Bones,2017
Fuller House,2019
Louie,2015
V,0
Second Chance,2016
Kyle XY,0
El Chapo,0
Hemlock Grove,2014
Hawaii Five-0,2019
Graceland,0
Generation War,0
Atlantis,0
Vice Principals,2017
The Prisoner,0
Quantico,0
Heroes Reborn,0
Dark Matter,2017
The Living and the Dead,2016
Tut,2015
The Pacific,2010
Damien,2016
Stargate: Atlantis,0
Shadowhunters: The Mortal Instruments,0
American Vandal,0
Crossing Lines,0
Van Helsing,2021
Falling Skies,0
Halt and Catch Fire,2017
Chicago Fire,2024
Shades of Blue,0
Complications,0
The Office,0
Revenge,2014
Doctor Who,2023
The Universe,2010
Witches of East End,2014
Doctor Foster,0
How I met Your Mother,0
Rizzoli & Isles,0
2 Broke Girls,2016
supergirl,2021
Code Black,0
The Night Shift,2017
Defiance,2015
Cable Girls,2020
Midnight Texas,0
The State,2017
Magic City,2013
Line of Duty,2021
C.B. Strike,2025
Three Girls,0
Z Nation,0
Undateable,2016
The Messengers,0
The Killing,0
Vinyl,2016
The Deuce,0
Proof,0
How to Make It in America,0
Harper’s Island,0
Girls,0
Flesh and Bone,0
Childhood’s End,0
Allegiance,0
Disjointed,0
Ocean Giants,2011
Queen Sugar,0
The Tick,0
Trust Me,2017
Bojack Horseman,0
Justified,2015
Somewhere Between,2017
Greys Anatomy,2024
The Defenders,0
Mr. Mercedes,0
Harlots,0
Outcast,2017
Community,2015
The Fosters,0
Show Me a Hero,0
Roots,0
Marvels Jessica Jones,0
Gomorrah,2021
In the Dark,2017
Top of the Lake,0
Outlander,2023
Carnivale,0
Clique,0
Wet Hot American Summer: 10 Years Later,0
The Sinner,2021
Blood Drive,2017
Burn Notice,0
Manhunt: Unabomber,2020
The Last Tycoon,0
Fearless,2017
Will,2017
Room 104,0
BrainDead,2016
Kingdom,2017
Fringe,0
Five Came Back,2017
Ozark,0
Snowfall,2023
The Strain,2017
The Shannara Chronicles,0
Friends from College,0
Preacher,0
Salvation,0
Gypsy,0
Riviera,2020
Flaked,2017
F is for Family,2021
Bloodline,2017
Twin Peaks,0
The Story of God with Morgan Freeman,0
Strike Back,2020
Rick and Morty,2025
Planet Earth,0
Underground,0
Forever,0
Cosmos A Space Time Odyssey,0
BBC Life 2009,0
Alcatraz,0
Master of None,2017
Shots Fired,2017
Sense8,2017
American Gods,2021
Famous in Love,0
Baskets,0
Dear White People,2021
Genius,2024
The Handmaid’s Tale,2025
Grace and Frankie,2021
You Are Wanted,2017
Girlboss,2017
Chicago Justice,2017
Guerrilla,2017
Mob City,0
Just Add Magic,2016
The Get Down,0
Ransom,0
Brockmire,2020
The Son,0
13 Reasons Why,2020
Homeland,2020
Unforgotten,2018
Anne,0
The Detour,0
Snatch,2018
Iron Fist,0
Time After Time,2017
Imposters,0
The Expanse,2015
Feud,2024
Making History,2017
Taken,0
Wasteland,2016
The Blacklist Redemption,2017
Elementary,0
Sons of Anarchy,0
Crashing,0
The Good Fight,2021
Big Little Lies,0
Crashing 2016,2016
Santa Clarita Diet,0
Rillington Place,2017
Nikita,0
APB,2017
Legion,0
Impastor,2016
Z: The Beginning of Everything,2017
Sneaky Pete,0
Cardinal,2020
Riverdale,2021
People of Earth,2017
New Girl,0
Six,0
A Series of Unfortunate Events,0
Grimm,2017
Brooklyn Nine Nine,2021
The Mick,2017
Bates Motel,2017
Modern Family,0
Taboo,0
Emerald City,2017
The Big Bang Theory,0
Beyond,0
Weeds,0
Downton Abbey,2016
Borgen,2022
UnREAL,0
Sleepy Hollow,2017
The Path,0
Making a Murderer,0
The Knick,2015
Wolf Creek,0
Scorpion,0
Chuck,0
Bored to Death,0
The OA,0
Sweet Vicious,0
Supernatural,0
Ray Donovan,2019
Teen Wolf,0
Lucifer,2021
Hart of Dixie,2014
Seinfeld,1997
Wynonna Earp,2016
Empire,0
Dirk Gently’s Holistic Detective Agency,2017
Wentworth Prison,2021
Lethal Weapon,0
Rectify,2016
Rome,0
Boss,0
Legend of The Seeker,0
Galavant,2016
The Mentalist,0
Horace and Pete,2016
Outsiders,2017
You’re the Worst,0
Wolf Hall,2015
Gilmore Girls: A Year in the Life,2016
The Fall,2016
Mad Men,0
Ballers,0
Tyrant,0
Incorporated,2014
Fear the Walking Dead,2021
%3,2016
Constantine,0
The Leftovers,0
Family Guy,2024
Baby Daddy,2017
Humans,0
Marvels Agent Carter,0
24,2010
Better Things,0
The Americans,0
Masters of Sex,0
Frontier,0
Superstore,2020
Mozart in the Jungle,0
Veep,0
The Ranch,2019
Once Upon a Time,0
Colony,0
Travelers,0
Battlestar Galactica,0
Fleabag,0
Shooter,0
Good Behavior,2017
Speechless,2018
Two and a Half Men,0
Zoo,2017
Designated Survivor,0
A to Z,0
Legends of Tomorrow,2021
The Durrells,0
90210,0
Scandal,2017
Penny Dreadful,2016
Eyewitness الموسم الاول,2016
The Last Man on Earth,0
The Crown,2023
The Following,0
The Exorcist الموسم الأول,0
Salem,2016
White Collar,2014
The Affair,0
Secrets and Lies,2016
The Originals,0
The Bridge Bron/Broen,0
Into the Badlands,0
Conviction,2016
The Young Pope,2016
Person of Interest,2016
The Bridge,0
Boardwalk Empire,2014
The Man in the High Castle,0
Goliath,2021
Chance,2017
Class,2016
Ash vs Evil Dead,0
Da Vincis Demons,2015
iZombie,0
Shameless,2020
24: Live Another Day,0
Channel Zero,0
‎No tomorrow,2016
Black Sails,2017
Deutschland 83,0
A Young Doctor’s Notebook,0
Thirteen,0
Hannibal,0
Frequency,0
Timeless,0
Westworld,0
Pitch,0
Luke Cage,0
This Is Us,2022
Atlanta,2022
Friends,0
American Horror Story,2023
Hell on Wheels,0
High Maintenance,2020
Quarry,0
Dexter,2021
Blindspot,2020
Orphan Black,2017
Animal Kingdom,2022
Victoria,0
Entourage,0
The Vampire Diaries,2009
Gangland Undercover,2016
Power,0
Queen of the South,2021
The Shield,0
The Sopranos,0
Deadwood,0
Sherlock,2017
Firefly,0
Fargo,2023
True Detective,0
Stranger Things,2022
Black Mirror,2025
Luther,0
Mr. Robot,0
Billions,2023
The Night Of,0
Suits,0
The Blacklist,2023
And Then There Were None,0
Daredevil,0
Agents of S.H.I.E.L.D,0
House,0
Prison Break,0
Gotham,0
12 Monkeys,0
The Wire,0
Silicon Valley,0
The Five,0
Narcos,0
Happy Valley,0
Peaky Blinders,2022
House of Cards,0
The 100,0
Chicago Med,2024
Better Call Saul,2022
The Night Manager,0
Orange Is the New Black,0
Prey,0
Spartacus,0
Bosch,0
American Crime Story,2021
The Escape Artist,0
The Jinx: The Life and Deaths of Robert Durst,0
Banshee,0
Broadchurch,2017
The Missing,2014
Vikings,0
11.22.63,0
The Driver,0
How to Get Away with Murder,0
Band of Brothers,0
The Last Kingdom,2022
The Last Ship,0
The Flash,2023
Game of Thrones,0
Lost,0
The Walking Dead,2021
Arrow,0
Breaking Bad,0
