username,auth_key
kwbzhtglow,61c12e9d-6788-4448-be31-cb5353d51757
cguvkivoci,139a4494-4eca-4e1e-ba39-753740fce973
ekmadhounm,1efd739d-909e-40df-ad8a-d26ff4598267
guqphuvwej,f351e54e-676d-4d19-bf99-01cbf7476e44
wownnhtwly,e43bead9-0a18-4df6-a49e-c5ec6ffc9682
zzoluliysv,a7f60c32-e13e-4d66-bdb3-8389a903242d
zyfqtdqkgu,faa35381-5178-407f-89b2-88b07475c466
lvlplkwdup,3d20957d-c872-4bfd-abcf-9a1e02c43e03
tmoaaahuch,6151317d-f97f-4f83-92fd-3401d3557957
yijnfxhekf,3f9d577b-a8f3-4d4f-8e04-bcd96de58807
wozlekfacc,55c99e31-fa0e-40f1-bba7-71dafa7372f7
wvfxkbyiolobvvnmyszg,11221de0-a0bf-4fe2-88e2-7328ccf6847f
gscptvaoxeieazitqiuy,abc82c7a-7369-4c70-9ff3-dd6cbf1ee145
mwejsmcekvfogiqrgeyg,dd5eeabf-8283-4f98-825b-bffdeab39e70
vzhnwzvbxvdhwdznhdjl,37bdeb1f-756d-4b49-a827-067e3c9b7952
szkaardphndhkiexriby,3d9a7ee6-b495-4148-9558-2ca03c9d31a9
vviqgkbjrtxbuajylodp,70f2a4f9-0b1f-4d37-958b-7b3404bdb34a
beaujqcbqqugsjgwekbd,c0e1c61b-a1fe-4197-9d01-c2373435d47c
rqigdgzgpkwjnwhesaed,0fdd1592-cad4-4f6c-9f04-954c871ddc23
jytiihthzxgwcpwglyqc,84d40a3a-1017-4e41-9ada-43ca43658e9c
mxkhqqpkabbozjaqcddi,91888ddc-f9ca-4f06-b763-a30707b89d76
qhqnigtt,51a40fdd-1c2e-4bd7-b59c-3ea5dd15937f
jdodgrpk,d9ceef41-19a5-4f8f-84b1-291345ad8425
ulircdxk,bfacf099-59e8-4e6c-8d0b-1fd2bf3042dc
eqdrhuyr,88d22225-4132-48c3-a35b-c45e951bf6f2
clbevkbx,f53ba5ec-916f-4158-8f31-38a75122c00e
vrygbrrc,a78db27d-3cb1-433b-95ed-6b569d754885
sgiznvfb,b1943dca-f1a1-44bb-bb33-bf6ed9518c1a
hnecyvgq,e29c2736-db41-4240-9865-556710640dec
whrgbfbg,e779949b-b255-4b6d-8b4f-430054f4b547
hwjukglq,191f84cf-affc-482a-b903-ffd198e25e62
cdxoejsq,6f115d64-9469-4b99-9813-66c2e10dcf84
hggxcxne,acc38da7-4fc7-4332-a4df-a608f6a4e37c
fjwstues,8db2e0cc-0485-4176-8e52-5e274744ae59
zremixeu,1439a31c-b0c6-4bb0-b9d3-6929699f3eda
xgyljuob,15463939-0922-47cc-a3a8-518f28f80949
phpconwx,a223b551-1b07-4772-a10c-78ce279af7d4
rorpneao,a5197bba-aab7-4de0-8836-b91bee1da0d7
kwkfulpu,1d62e32a-d27f-4feb-a530-6841f2eb400f
fkdvyvda,6dafbf32-8469-41be-89d6-64a895d56ea4
vlnqucgt,b4974f5a-68d1-469b-9645-0dedd28a18b0
mhisgibqz,d16daad1-708d-4fe5-8a10-f2b16a669b28
sthuijldi,201fc996-f5b4-47ff-988a-47be1a4ec26f
idcvhkzac,33a3884c-88c6-4722-b7cc-1f594a339295
ygmqocxkm,0b5f152f-f1e9-4c11-a21c-d61f99192848
xbudgsavo,6abe2d17-2439-40ec-87e8-69b393c90635
wiuznlvns,a08177af-ea1c-45f4-9e35-d64783f3314e
ejmzrfrhs,809579b5-bc30-4288-847d-6ecfec824b5b
dgojkvuou,d918976b-99e4-4c5b-87e0-e8d1702049d8
xwpbphluz,a8ea157b-8500-49f1-b1c8-f063776ffbe3
drhypqlfb,95daebf3-91cd-425d-aa78-12d459fd171e
aizespplf,311ea0a5-3a48-4782-b9e1-71f8e2492298
fzfnlstpm,2f9b6387-954b-4e10-ad77-0c12c50768eb
prlvsmrjm,93283dc6-ea61-4840-9d84-f508d52b2302
izslhzqui,359b8f33-e13f-447f-95e1-9bf93484a5ce
mynmlrdpe,7846119a-2136-4c5d-8631-386db0614b48
qexphmzyj,5ea8b09d-81ae-4820-93fe-8058db7fe40c
rprlauday,ab8af4c7-e9da-4cee-b302-36ab3a3fb97d
dlhhcvmnt,6f9a91d3-9a28-4dd1-91ce-3001562da059
daolurjaf,94e52adc-2440-4e0e-909f-b8d38f407aff
xaqfcrjrg,b52dd02c-6942-4203-942b-c517fde9d806
elhxcvhhb,5977c9d5-6f18-4332-86a2-17448515b118
zhvhxyblj,9707850e-821a-4b58-a7fa-ba3ad024af09
volfxncyr,ee715625-fbb0-4239-ac31-fa3fdcf3295d
iduquugjf,bc69c24b-416b-4ecd-abd8-3751d732ced3
vykvjgefq,bebc6ac9-113d-4a6e-9712-da1240e90c59
vsuinqfzy,766efd6c-3334-4574-b3ba-324f0dc4e817
luetejsow,69b5b618-82e2-43ba-8ace-b340e16d106d
dsfdkyuga,829084d4-af8d-44e5-9bd8-429d732ffd81
xvtmjnskp,bb15e696-2d20-4556-a693-b0fbe8e0af2b
cizdftpco,fe4faa1a-77b8-455f-9178-d3318c22e247
opzlipjzs,d6676acc-2cc4-43f0-a0d4-3fe99ee58f23
smqtiqtsw,51595b8f-3c38-4841-83b6-40f73d7b87a6
qpqgrshzn,d088ef85-c360-4cab-9c38-c0a287304e79
jbmtyjnkc,ede2138d-4311-47f1-b0c1-5c17721ddccd
dkwxhllyl,73d9be0d-5459-4e81-b683-f0a58d04bd2b
hsrqlywtw,d6b6ba94-e462-43ae-b03c-db0cf4ef708a
tqluxnbkc,a1861ce4-b0c6-4f3f-87fe-bfa9cb1200e4
ldiovcrwc,7d911c8a-c344-4ea4-b1aa-7710b99302ae
smvpfoinc,f6dce1ec-5357-4f79-9577-c8ab5c1bd7ce
ajonvspuu,251cc644-766a-487f-b9c7-40f742b808f4
mofxjbnab,df82dedf-9547-4163-83c4-d8dc246464be
dnzolamqh,87c353ab-a224-4f1c-a198-cd6362a203b2
lcogzxmvi,ab0be8f0-4f95-455f-94ff-e088094c9a98
bhwffpnuu,562f5a31-9acf-4078-ab7c-a1341da55f05
alqkgedbr,29325fd0-80fe-427a-9e28-df3b2fdc9600
wiawwwcrr,a37c4f69-4675-40e6-ac57-da93d0668a3b
mjnowtkjz,f87ff271-86a7-4115-b9b8-c7264e34577e
iuafxgagp,4f8597a7-c585-43a9-bf2b-466436e68d73
zojqwaotc,43f84a36-10ca-4e3d-962d-b1dd4258c37c
odyqdtuql,b8a94f8d-0aad-4bdb-9b5e-b054552f55d2
ionykrvva,e700130a-5fb6-40d5-969f-18e45dba7564
wghxmiaji,1a84bce9-0367-492e-84e7-7dba9e7379af
ixvppkthd,90352407-a6ee-4c9c-9b12-76ae61f11242
vpinnzbag,b614ddb6-9bde-4f54-9d35-954536574700
mdzjfrrck,d61f116d-ef66-474c-b101-86fe733751bc
akpehtlan,f872970a-fb62-46fa-81b1-367aaa6c98ef
bbngczivf,f3a78e46-7c38-46cf-bba2-cde37d9199b0
voqmdbxuz,96b4b560-1f56-4b88-aba3-e5a35c77e449
hdxpbtjrc,3e4e4f6f-7ca6-4a54-af53-26b79b36bee0
uzmfuvsvj,d57bb0a1-3d4c-464e-be44-3a5921dae62e
gofjwzhdl,bc64709f-7feb-4b14-a180-a4debc10393e
xebdwkeko,d5ebfcae-c67d-4837-92de-b8cc6267222d
gfsdwhbxr,9cfcb56f-cbd9-4aa5-9ee0-9c5b7cbe3b54
ufytnotkg,328cc2df-41e9-4a48-8cf5-b8df3408dae4
mnrwvbimc,152793e3-2550-44d2-b407-acf6803f37f6
haxgbpbrh,adc85c4f-66e0-47f8-bd9d-639069b3ebb7
urptqiinm,24e573fb-cde4-491f-8e04-078ad0e0cf05
svrpscoyx,7cd1f474-5043-41d0-b104-26f1a8b22673
oatqtogxm,26e3f74b-3650-4968-bb59-7143e724d093
iqthjiwko,d92f34c5-8787-4647-b460-32c972d6f045
rolcctxchme,48d1561d-8072-4ee8-8541-0d1a34e917d9
ojmfgjseach,decea724-1898-4078-9fb2-83fcd2e58a2d
awbynjqxtjj,2c359d8e-af00-4131-9d0c-652be832a57f
cfhtdycoxhn,6a3b2689-aad0-4d96-a6bf-61a3e549f6c0
whcndredygh,839e5da1-d91b-49d5-a8fe-7c42cfaab1ba
ncoybhgwktb,813c4ab4-cc71-4f31-b189-bf507f7a5c33
yonhsvxhwac,7573b302-b094-424e-b3b5-a7c504da4033
aydkdqdqzwi,b8dfbe62-9229-408e-bfd1-802e08541a3b
hlvqoztjqlq,ba3a0b63-347d-454e-b354-6e5f171a4ec3
cqveumwvbad,c9df0755-ed7c-49e1-98a4-4809cb7753f9
sgvstacydww,36e06fd8-6952-444b-a8d2-1a093b370613
xafdkqvihuj,84726687-1b92-42e3-ae97-88fefd003431
ejeznxhgyof,77e82bf3-b8c5-45c3-95e3-eb0d142b6bdf
xqfgurtsokx,3887b3ee-34f6-49b6-8859-cf9892074501
wxbpncskouk,d5d8b920-0778-4ebb-be73-d74a20d25185
cxifevgjdyh,4a255d73-5306-48be-b5ec-4bdfa49126d5
jxpsthnfsnt,679b611b-24e6-42d4-b343-188dc4ba3b8e
ftsxhwzigzd,d041bbd8-c280-45ab-b089-e94d8f00cfa4
nuwcmzgrsoz,23122edf-2014-4a1c-b09e-6bc1ec88d0b4
amcgwratibi,429d3993-9430-4722-9182-9cc1ad7f5b41
suxqebjgkvr,b3f072c2-ce10-43f6-85b5-42fe6bade08c
mggxakxkvpm,bfa97e00-f6f5-4b73-b765-51b1bd180b3b
falzrojquok,83ce9742-f506-46bd-a609-df185f0b892b
senrcorfbpa,6565af5e-8ecb-4d3c-b616-b264058c93df
zrpwmdtgscf,205b26c3-5381-447b-9795-97159206c330
ewswnhdemqj,4034d573-bda0-41e6-ae08-f50158670abb
adhghvgmzeb,28ad071b-3d20-4cd7-a7d9-c8e37d5d35e0
cfnfdswsyqm,22cf2d50-e77e-4f21-b800-d66ae80e6131
ezjzrbypphs,e7c57424-ac7f-468d-a4d1-159f60c30383
bmkcvbxpiyi,79e7a0ac-b002-490d-9414-60e2796d4b3b
dtmgvzowhlu,e262145c-7edb-42b2-99d8-f5eeb18fc9ba
oplfzhnvycl,28406777-9aea-4655-8984-ae654f6aa00d
bxzpooszkne,213f0460-f0ac-42bd-87ae-0c42c599dd1a
bhnclodwcdv,5fe8a6f4-cf03-4df1-af8d-ece549627649
ivjjzexxkmz,fac97d1f-2fed-4d2a-86ce-dc25a53b632b
ftennicapef,2688b9ca-a3dc-403a-add2-83bbda402381
jdnlgivaxxt,02129231-3130-4134-99b1-e5532a40bc6e
hcrwizhmwsm,13a17323-d7fa-40dd-8788-6604318a03dc
nepvmpefjej,aa85cc72-3db7-453d-bdb5-eeb8da281e71
xetwfhftmvb,9aa80892-3051-4b9e-825f-39f4a47bdd5e
qlmlbexrnea,3b40bb30-9a5a-455c-8d54-632a0ca73304
tjgcrayxtxe,d9bf1d48-3899-4444-834c-48dd3d3908ef
vummlbjkeqh,89838f8d-a3b3-4d77-8e76-4aa9ddfdb81c
almjxvnkwuc,4f71f212-4642-4c20-a5a2-e52380173590
hmbfkvdvkov,167a68f4-4b4c-4492-b5e1-5bfa7cf48f67
bdtcqvqxgdt,1e23acbf-fd2b-4545-88e7-ca67f82a05d5
iogwoghozhx,d32f4e68-0f14-4ab8-a37f-1b2b723ab556
ebifrnhbjsn,1e5e44a6-291a-4d8e-843f-e12c83862962
kpzuznzyufz,981f5fba-253d-494d-aa53-88999f66a2ed
mkprtevrxnq,f53256f9-4459-4701-8197-35ca98f8727e
ggrvbnxdar,f2f18558-96c9-4217-b466-8099184f5666
rybpenawim,3a4d4c19-a9a9-402d-a95b-7a56371f9ad9
nwxhjfnebr,c277970d-8d71-47b6-8402-dbec1c751da1
jjnzdhkecb,01f00554-8ba7-464b-bd68-39207c40c556
arkbqlrmhq,bee91134-883e-42b2-a638-bbcbe8f15ba8
cqgdrlqxic,e8abaeb1-5a0d-41fd-90ab-556bb0babd11
zdsdimfvwh,7207687c-4ac6-4c68-8e49-e06a06c4f48a
snualnctfj,fe663fb6-ef1f-4eda-bb20-a629a13c4785
hpsmscsvqy,2ed585c5-a11c-4a99-b4a7-c1b6afe62d06
yfpzrxefcg,5ab6339b-e583-480c-a195-288734828f4a
fullefecxa,9a32f0a4-dc7d-4a35-90fd-1a3baca2d2f6
lsznuvzlem,eae77785-9949-4d45-a25a-49ed88c0073a
riaobbuybp,ac92ddb2-0a6a-43d0-8b1f-b983018cdc8e
dxhacmaktt,d7d9b6ad-c20e-4fca-8014-7a817cb92c47
wxjtkyhrfv,cf9902f6-01ef-47c0-ae09-ebad8eb42687
eomacryzou,00542ae4-915e-490c-bfa9-d5627de226b5
karzzvhjja,f4c33b9d-0993-4874-98a0-9572e78e079f
bdlipgmwka,31dfafd6-dc7e-49a9-a040-31d52aefa5b7
rcrxqooroq,3bc0bcf0-1983-4451-8ebe-7e94f732d829
zhyidudkjr,178c208d-939d-4f7b-bccb-8f9c0146f8e2
rmuevxgxuk,9b439872-dbec-4aaf-8209-f6c7c8002e07
xljitwiimc,a673e4d0-e40a-4e36-a652-925e0f2bc29a
apbxqlusbz,8005f3ac-0c52-43f3-bab0-b479025d33ed
ggelipyvsg,c18966f3-7beb-4e6f-95fb-7f7a2c35c061
ubnesfdpbg,0d7c589f-1280-4ff7-a6e8-33988b758fc2
xwkwhomtna,c3389170-b4b4-4d5e-b2d7-a82c05cc9cf6
ddnzvkrctn,5405817d-1eb5-481a-ab61-72eb5c891b47
nqbfbqvrux,96160bea-9af3-4373-9cbc-ed214ff85033
kuuguiodgh,5aa06a6f-2674-4248-ae85-36fb98cdf41f
xmglsrfwvz,eaa851c1-2aa7-4501-87e3-ebb5485a5b8c
tmurbwhjll,4ca51140-e284-48c1-b952-24afbeac7e3d
qrrwqhqjgb,4e990f7b-0d21-4a3d-bce5-d803f11d9fb4
ivirqpynwp,3e3decda-1bf4-476d-acab-6d5af245b19e
wcopgohzoq,bc3d5979-3070-4389-bc96-f9af56ea38bc
qtfdjnfxkc,8806c194-4abe-476b-81c9-d950fc1723d0
xzyrbqadgu,2412b9ba-a12c-4cd7-9519-4c191c881b24
ytissodpfg,64a6bdf0-76e9-409b-b147-928a8636cb73
svcguutgin,d1365ae7-9ce2-47dd-986b-ba38d6cf66d6
jfcwqvryqr,4c1f34b5-b5d5-4667-a425-72f0e3251ac4
oqknpkhhzm,72b1797d-4f90-407f-b41e-ba6bdb8a2020
rnkgtjolgr,b25ecefa-f3c9-46cc-8a38-213e56c24a77
rrqlxnthmk,489e02c6-e815-42bf-93cd-5d19f8982fe1
ioivoozjwr,e616a654-b647-4d1b-a6ee-9c499a6f0a96
nqtaagakfx,60e31476-cfd1-426f-9be3-d750530504ee
prerynijqa,f068cdd1-d585-483e-a0dc-a39ede62d536
kktfbwnfam,8b56d167-a363-4247-afe8-69db56d730e0
gumwkknmmt,7eeb71e6-4b52-41d5-8492-d45b5827f277
tiptgrfizq,0b2e8893-7d34-4f5e-8c69-aed58ddfd85b
cclebmtzjn,5daf8729-ee2b-4458-8228-693e33ecac32
rhaajsodlb,67c9590a-0379-4c33-8442-707fd2a67ce7
lrimbtywhs,24e43399-617b-40c7-8a00-b51dede5ada9
cfuzwvcerv,81d327f8-e898-44a1-b3b5-51fe2de2e5b4
bbevdboard,411bed44-567e-4fcd-9d56-ef09763df1b0
hoplaxkzjd,8d3e36c4-c085-424d-9b58-1293ddf4af4b
pdsubmcxzo,5fc635be-5d50-4146-8aa7-e04925bceefe
zomqwacizi,3d74d232-af77-4069-ade2-84df479eb3f1
oevihnsbym,96e704a9-76be-4ce5-9384-dde163ac85ed
kykhowsbou,d87babd0-3e31-476f-ba04-4179337ac41f
wrjruzjchj,0831142c-a9b0-4e1e-a692-3256fd99f10d
psarbyjsrk,d6c9c6cb-d96f-4edc-861d-277584b643da
eqvndfitsl,6249f2d3-8bd0-4163-a356-a5176edb4d8f
lgzhzhjvhf,1b263ab0-a4e3-407e-856b-ee1c4e8b77f0
awywadkvig,be6fdd9b-cefc-450a-9dcf-07b4ea0d5d36
rzrbsgjzzy,87a27d95-cb45-4a42-91a3-433166285b2b
keigyrzzzy,f476be3a-645c-4ad5-8eff-a357159ed1c2
toqehyzzbq,e25c6057-96cb-4e32-ad03-f4f98bb8f923
jultqtidtn,d21b6024-3e21-4248-bbd4-df8bc1925d0f
wcejvyjeil,f50f5b41-53b0-4a24-b1c0-d31501e90a50
dedepqlsnw,8cf77632-56ad-4df7-a7ec-866fc27c2312
psluadlqvg,16190051-e1ff-43ac-b1ec-88ba1f5f75cf
vyoxblzpnf,9275723a-c679-463a-aaf2-f463b54a9829
hejmgrdmvy,e1511ae5-9c60-4318-9ae2-07e067a5c6fe
lmwhwdxwyx,590a943e-3e32-40d2-95b7-26fdf26ae182
tlhccufyfj,c93e93f2-e8fd-4e9d-ab14-ba0a636f31c0
jcwmlumawg,895b81d3-3955-4e8c-b4d0-70a64fb89142
gufzgmyzjz,c1aa8564-01e7-464a-a4f5-6e80b5e4c15d
ofkptrwrgr,e5019d63-41ed-423e-b516-de29f7034bd4
hmsysqhqhb,b80aa98e-54a9-47e2-bbfe-f39036dc9548
cvvjwntulz,0583db03-5f6e-439c-9bfa-a722e84978c5
jbvsqqclel,12c5ba37-c0a6-4469-a763-e504799100d3
yvalzlwngl,bbd227fc-1d1a-4faf-9c48-68e57b4d3190
jjvyutvgul,5802f872-f027-4e44-9924-e55232b7601f
ntuaafjeen,ee144c8d-15e8-4954-b328-cba08f4c3640
vbfzxvajdq,2afaf155-c127-4b42-a23c-a43aae748a0f
fvngcgzekc,ba439b18-6a9b-47ff-8541-e487287179e3
islnuugwft,7ce54f02-dff7-4fe7-8d1e-70c32b87f3f6
mxrpoujonz,d2585089-b45d-45f5-860c-18190aeaf34b
orjtdfijjv,94ef2b28-4e74-4e7f-8aa9-8b2a3a41fedc
xsjajlyvrw,98755dde-e7cb-4920-b61a-3b4f6ca749e8
bzosczqefp,a9458d7f-df3d-435d-aa8b-0682b498b453
ogdimjjydc,9d59e053-ac46-484a-a197-a695fb6e309b
larckglhla,5daf5c9d-d5c3-42a1-ab9c-0ba655db3905
aeopdqhznv,36fbe17f-3173-465c-a3e6-35840bf4c10a
emsxhdydrb,6632adcf-cbeb-456d-b93d-db36472b7342
cwvdbhvahj,4967deac-32bf-4c50-a669-531a57ca997f
bejsykayow,dad08635-c166-41db-bf4d-fe51e701c6f4
ugclkhqrpz,7f7bcaaa-010b-4494-befc-e7cebc3784aa
mnaawjqpos,207136e6-bdc3-4d17-aaaf-ea1ea04199af
vdsblpbsah,70b01e0e-2e71-4ada-99c9-64236edb18c7
khtwgjiqrf,30d82192-e600-47ba-9dc8-0f15d0f0e63e
nzqckctlfk,a88873e1-5a3f-4eed-8e1a-51350f3ef656
boudslzcpc,4b694c62-956d-4073-9e92-3e73f33616c5
lzzeqylrdf,0626dd9a-c677-488b-af33-95df2b8dccd0
facwtpftsy,96055450-b876-40c1-9f2e-6ac7d7398087
zgcogyrsaj,3939f978-82b2-427e-a5fa-2b02bcd35580
qkyrnhaoiw,05dc2cea-b508-4f0c-a3d5-0aaa6f6d7e53
tfjiqwkntz,4ae8b16c-b11f-4b40-93d9-ed780fd57814
vpmuiiuglu,0be1f4af-c4e1-439d-a332-6c5273d00c79
duhojlqkki,90e4c8e0-671b-44fa-bc55-7b6f88db9ecd
twqtuugtes,261f0b4a-8a78-4cbe-9533-4e10f317437d
wvkvryvrds,80e66687-2064-4d0c-b74d-67c365146b25
doqfqpydxf,ab72497b-c89c-4f99-8ca1-fac5241db23f
okzextexio,77bb1cc1-3a54-4727-95c2-11d7eb2243e2
gsiwdnlulp,574acd1b-1695-4e95-8221-d8513024fc6d
ypswrfdgzc,32c639b2-e511-4902-acc8-b85c210b85b8
yeyacqhysi,0d3555d4-eb86-48cc-9d50-ea7d97a7c2d5
cucgegnqdl,00382a8e-f6f6-4307-a622-9d89b691ad3a
ebzhybufyr,a1ea62f2-ecd8-42ee-a260-7f2372de3142
chknilshpg,0ef88145-eb2b-4b88-ad76-79b13bf82eb2
cgolvuiwxc,d5190b8e-6eaf-4360-be8f-16ac77904372
amwxnhoxza,f67884db-419c-4815-b89a-8f7a9d87069f
ihbtfzqtsy,7bdd4824-6568-40d0-b1aa-3cb766d1eafa
vmdbrmbzph,60a1639b-6516-479b-81c5-8c8d5969feab
dkhecvlpde,7cab41de-58bf-41ce-8917-51547b83bdf5
cyebisvvhc,d6e958ff-59e5-4530-a50a-476f0728a910
mpuzbdwiyq,6bc680cf-4ea3-48dd-b431-f7f4c8c279b8
hjwwbfpbya,aff9cfd8-226b-4e5e-8376-1dd3f313d714
xnibwatlfh,1e37ebb0-fdca-4e8e-8696-f89391e24b40
wegxmvolfp,97233832-c128-42da-93a3-7c9ebf248238
fwtyapztnj,a8de8cae-6236-4352-bec9-ce4123565101
wfradcvgfw,42e8e7a8-9cd0-4024-93ca-84869c80137f
yisfhivaod,f2c47c3d-aa99-475e-b314-68f3d5941877
zugcfcywxd,374db519-50d6-44b7-abe2-c57a644a7eeb
agweoernuq,4332663d-5640-4368-8246-b1d3ce0403ec
wgeckhgsdl,9cbcce60-a0e4-4598-9df1-7f2c7e6b97f9
hzntsabzzg,bf46018d-3c3a-4989-b1f7-666f71901496
oajpeerekb,626bf16f-198a-4079-a1b7-1e3e1f40cb1a
crxuvcrsbl,584e51a2-1627-4501-b02c-e1c235ef9305
penjuojgrw,49bb13e7-8726-4bfc-8160-81f2fa8a5dcd
ezlvdoqsln,c10e28aa-a19a-4329-9e47-e656b0a2cbdb
vhzwmmujre,9624255c-3fd4-4013-8bb9-1d52d05cdbbb
lsvmemnlod,1c690d40-1868-4029-ac22-add56ba1eaa7
rckzdmakcl,ff86e0c7-eefe-4181-8c6c-85067d997cd5
lpvhnefrbs,737decab-f2b8-4370-afda-a10938e5eb1a
hfkxehksmp,31b96d73-4f3b-4255-b54c-6013e09559b2
kbwcttreiv,b64e2b44-19d8-4c9d-9869-0d89c2de0e9a
ndqrileqql,b5f9f030-c3ce-4129-9ddf-213289895412
ighvjzihdv,8fa6d1a6-aeca-46a5-b583-bee80b18101c
zpcsfudyov,b2b2abe9-e7e3-4727-a5f3-1562a683b435
hcogazjlbx,8db8870d-9445-4db0-ab48-c5e438aee694
kepohwtlwf,359a65b9-5e24-4cf5-bb02-92f2e68926c3
ytuabkscaw,5004c04d-034e-42b8-9726-315347c27183
amzswmdqys,4c383b47-2afb-479b-b0e2-ac46b29fc481
imfjhsifeu,a1866118-4b29-4088-9257-eaf13baf8ad3
yxjrtpivuc,49014991-7af4-4976-99c7-7791ed7dc4df
vsqlvfmlkt,aed32f19-7484-4fbe-ae36-65feb76fcb5a
xdmmrkfbtr,af9f65ac-0211-4cdc-851f-73c4f6a86025
yammecbumw,41c0eb3f-fb16-4bba-bd0e-c87560a53517
ftgyfqohoy,511bd9e4-bd22-4ae8-bfc0-9df98fc230e9
ayqjfxnsgp,12cdad31-656c-4a2d-804a-1c0a25593384
ddeyhaletn,4ae4a1b7-b55b-42d5-b59a-2aaa9cc3cb29
qwgbdxkrjl,79a5b553-6073-4a4f-b7d2-8b0892afeb47
ldrdcmjiqa,c94625ae-a761-4208-beb1-a58dccdd64b7
mglxyhgvls,f213df7b-d110-409d-b5da-392b251bd23b
uuptetlbxm,401526b3-1219-4082-8277-ae3f6ade3a52
pjzotrjhsk,071b0205-a345-43a3-9e53-12e5ada4e504
jxledioxxu,d31e7a5b-5ad6-4a46-9434-8cf4aee8c027
wjehwldabi,d6031129-4a39-46d9-b38c-dde3ac2f37d4
czcxennyth,4ab90948-f58c-4937-a2e5-c0d7a2cc1cd3
juqkmivvqp,bb06527f-52a8-4b71-9e3c-c91be1b0c512
zwypxahmgs,f59ff76c-32aa-4fd4-8842-ba7bcf923784
vzgrgsdfew,83484823-9972-4ebb-8f17-ff6aa523e92e
zyjsdzhslm,ac51679e-4631-4396-a12a-76f114a53598
xopfwennjo,6c7ba61d-cc53-405b-a16d-620ac91ec3e7
hkgvuwzedi,5293b37a-811b-4a3f-95af-e980735c809b
lhdqkocoje,82b40424-3b9c-46db-b60b-5caa93ead20a
kqqoeqsjtf,4ee44b43-0914-4a1a-a963-bccacb0166f3
kjurflcytw,78c3ad80-8d82-4c3d-bf70-89d75d679bca
lhziqkibpl,0bf8fab4-56b5-4dff-9cb0-effedf641da6
tnwtwalbmd,3d4beba4-64f7-47b2-95e8-13e038a3edd0
msjygdcwei,6c662f65-ac0c-4b4a-8804-584b7a3460be
mgrissfrbw,9cb4f85b-2926-45ec-a661-1ec8654e8cc3
kwxmowdjtp,dfe739a2-9741-47a5-9cf0-dfed9a8117b8
qnbgzxfqys,3791df21-a6d1-47b1-9b5c-cfb6ff5b1b80
bcuofjneez,47174225-15c5-42fd-8e9b-0f5529457109
xbkmxtlxxu,fb7a1701-772e-4f4a-828e-1aae3dce03e5
prnjmqbmhf,418281e0-1d25-445d-a452-4c51f62588d6
pdgmaigizi,cc957336-3d88-4277-b55e-60553caa3b6c
xqrxcimgmp,5a17b569-8e59-4a60-97c1-8eae0393c138
mayhaaifuu,fc5167e5-5a44-4946-b543-623e0d43e20d
mjatxbrzht,6f5b296b-456a-4ccc-8ccf-5ae87494f3fb
skvmpdwjtc,954a12bd-43f2-435e-9dc5-a166887288a4
hvarhizkol,43166f4a-9470-4f3b-b49e-5814d38a7e75
etwwbdhibe,c8ad236c-bfbe-45cd-9870-85769c764aa0
wtndudxdrz,73c7b76e-73fd-41a4-9845-fc8fd95e6400
bnhktjippb,5b77300e-087e-445d-b774-1828c4114e00
blzyuzegjf,4e85e3be-e9d6-4068-a34b-beccefe5d399
nnokgjszxs,890c0daf-803d-4784-b3a6-f2db7ecc8508
jzttghludb,87cad07e-7b77-486d-a2a9-d600864586dd
xrmlcldwnd,9765a38e-ffdf-4cef-aaa2-4fa841f7a7ee
rvmvrlqltd,9788a06f-8554-48e5-88b7-8321abccbe81
tyhvbdxlnn,4e8d9994-93f2-4676-a736-a232fc3208c0
dtvwvodbts,6b52defb-3f13-46d4-be8c-ac53ee2b83a7
kybvxcmxhe,17780840-25bd-4bad-b235-aa385beac950
wxpncyteba,b307554e-6cc4-40e5-a62d-181d4582ac1f
bsvqtxnzie,02b12aef-1119-4498-a69e-9f17dfed51d2
omrgykmsen,a46eabd5-2cca-422a-862a-0c97187e6ad7
gxhcqmnnlx,a2284e99-f6f7-41ad-affd-a9c7e1441bb7
kaguagdmfm,9a806b85-9948-4a5d-9f61-66ea8ff55452
giyugtchmq,19a9bf8b-8e8b-4b11-bb66-6d5f1de0cd8e
jjqlfvbzrb,3a78a9b3-c5ca-40d9-9d7e-ad5ad017f04e
qudinsoslr,8619a23f-ca8e-4b44-a195-3158e05ea2b5
rusulwgxia,88811d09-ac7e-4d26-a7c2-4a2ae4732966
xnxjdtqukl,dd4907ae-9276-4d8c-87f8-00215441cc91
uvqrieqdez,22885cdf-c1a5-4433-b183-496381180f2e
iffnwmtbac,c1b41bbd-52fd-416b-ab87-3b3d4783f08f
ehkqneivyg,18a090fb-bdaa-4472-b16f-391ca497d451
iwhsbnlmjc,35fa9c4a-4ab6-4e79-8917-29708ad58439
dxtxektzju,9df264ed-c4cd-4520-a235-827f399590f8
ofztdeyhba,739a0744-4a18-4e3e-86e6-e12578a5908e
fqeahzjmgq,567b98fc-9f37-4fda-af05-7cc087963d1b
wjmjsjribq,f5fa68eb-f4c8-456c-9b1b-f40e1553e43d
gwcqdkdlqb,f10e6d75-8f06-42d7-97e2-6eb8fb2debb4
ljnaboaomu,ba131df6-f403-41b7-a7f6-daff20179ee1
fykpsrvwbs,9029f806-7d73-4917-aea5-fe1987603629
hycyyscbva,aae949a7-518d-42ff-b3b2-b1df6b83c86d
phqnbhbxke,6bb07314-e5ed-46a3-b8fd-2a969b227624
cfymsakpoi,c3b2b77d-7eb3-4434-8de3-15b9fa5824fe
rjgfllaqtz,6304d5ee-4791-4637-bec2-4ebc37f87704
qqipjembcz,6e0516bd-0e4b-4983-aeef-db0a7f077787
rsaxhhxgqp,cee36b76-39d1-4f68-a059-a89f0c9b7177
nydzeolrsd,a4e7f79f-74e1-496b-acdb-6a28de6af888
xlubfukifh,fb0c5c07-7131-4895-9c73-2ee59d777ec3
wynqnytnql,77d52e22-15be-4dc6-bf39-9dd09dae9e70
qoaebkhhmn,02631eae-c63a-48b5-aa13-167f3cc24b3d
luklswsjsk,b459376e-c45b-45f5-8b75-77661d8271d0
qbqxrkievt,07daa303-6041-4e5d-8529-f5783e163abb
utvnegiwwy,7701b5b4-7643-461b-8efb-43c0c965c537
tyjwyhoafe,f8083b89-c3a1-4447-a398-1dbba9cef730
kmkzvgocjt,15ec332b-a638-447a-9944-514840f48089
hqawrtpwap,ff267f76-bc96-481c-85de-52285daef0fe
keqpfwhdzg,423bb0a0-c972-4ee9-b3e3-1d5aae80570f
tlmkjirfqv,e84210b9-11c4-4288-84fb-d50c9b0bf3a6
xqfpkvmvew,f532b7db-3010-488a-bb26-4cd070f021ac
eweovdjkvz,5dcb726c-9a00-4a42-825a-064a24ea4d7e
xswcrarxtq,be07ff2f-47c5-4a5c-b138-0ec15352059a
mxysqajfct,c82040f4-281a-4b02-b55b-0416874c8893
dfxkmtyqhl,67913630-c311-4bd5-b312-fea2b32159de
pbldiqjbar,f2600386-85e7-42f0-94d4-62e269b52226
iygpgosenx,6119e6fb-6b52-403c-9dd1-d8b2e32cf1a3
dzmpytqjxo,3c0abb80-f837-4e6e-b0ec-268286daab83
plxxatlmja,bfbeafa1-63cb-4273-bf43-ae8fd2b531c3
qbgalqtuuo,ca3d6bfb-6cb3-4cb2-9629-c97480e7720b
rqnkisdvoo,34d9f348-d42f-4b7e-b008-31624332842c
tiaevolvyy,26055f6f-5577-48b4-ada0-05c5e4ac6cc3
ckeegbztov,f6ff4938-fb90-4332-97c0-1305c2732628
xwijxmwfgv,ec4cf956-4a03-41b4-97cf-ebd869500175
iexymkiiao,481cb1f0-ca4f-4cd4-9612-cdb6992b803f
wjkxrlsbqw,7b99a6ae-bc36-411d-a747-4c280ba8869a
otekpximbx,5e35bb39-1eed-4216-938e-bc5ee2ef9816
yatwpsgftw,adbb4447-d846-4ead-bc43-a6a8ad2e5c00
ecmginioyd,a3b7d710-3642-4dc3-8675-2523f318d6af
ttznmcjkgg,37dcf201-8263-4a9f-ab25-099c50309116
czursteivx,c5b2f81b-1e65-46d8-b61d-37e00b6dd91a
dncbzmzcvl,027080fc-c401-4990-a864-852cde2cd4b2
pzdpqbbwpd,f4d7228c-f825-4dca-a572-038007850ff6
nglnsvaffo,b8a87e40-c742-4890-93d6-49aac5faca65
vihfbflrxm,8c15230f-50a6-4a26-b278-c123891b2b44
icjyxlzkef,4e9df99f-ed3b-4086-a44e-27cb850a43d4
behwewoatp,c5452d8f-e8f3-48e1-95a3-18ca186fdaac
xhsoskdbxo,0f3ce8b2-700f-43dd-ab17-d8a801918845
kqtphzjywa,181f36cf-a481-4846-a07e-3175dbf11ed6
jszmcarznv,87144655-fce5-4379-b574-a24fbc570572
opxogrhfvh,fd55d027-d5d5-4b29-806d-cc5f99660512
xjqyoldgrk,c5d2750b-b3b5-435e-ac1d-772cfdd5411d
bzbkpkfbpm,c0b840d4-071c-40b5-a176-f3235032ada7
nwbmfxdavl,dae42840-7bb6-4df7-9fd7-cecb13c944a3
tkngrqjsyb,a38fd1e6-c2b6-48ab-b3e1-97be863bf384
ulfnkuqsof,775fd012-be7c-4f38-8f46-ffe0f03c99ac
hmbwtutbib,bfa6bdfe-11b2-4c12-807d-39a938be2e9e
gdnjsrwjmy,e9069632-3d90-4844-b502-6e8b6d1f7f66
ikdtwyqbtk,9d221860-0ec2-45c3-a207-7f04f4b9e74e
sqtapgctqv,4dd752ec-5417-47af-bd42-574c3996abce
xjqjxgidrx,3b5d54c3-d6f3-4d59-bbc3-702d070fc352
btzpkqnceo,6803613d-1721-45ea-8820-8bc891bf3260
hwmpxadbsg,b3a2f6c5-dc1c-472b-8dea-634ac42f47e0
znatongpgm,90eb117c-af92-4ded-ab8b-84202a385e39
kyxlwqeydq,c6bff99e-1ac9-4612-aaf6-0447cfed0099
awrunuicje,8953fdc5-134c-48a4-8c59-21684f9971b0
bufzivrprv,cd917486-249d-4b1d-8950-4abeffe94d09
yffbtduubb,60ffb1e9-38dc-40e1-9a69-b6d28deb8f53
eanntgnfmv,6433f8f0-d290-43f2-8a25-b79ecf6ed386
ahtjlxzakl,84e815ad-240e-413a-99b0-868cc9108398
skzmqmikao,11569c85-0f03-4bd5-8243-1d270ae2ad2c
rwraqjcaip,1e3043f3-92cb-42f8-8ec0-c242c8aa5e69
zgbzkwbnqo,ea5236c4-d732-4c76-8d3a-6ba9d01cd046
wfwzkrygfy,ba2446a8-bfbc-46b3-8e90-a27bb07aeb2e
tyrdjutxop,220e8aab-2bbb-4540-8475-396fbefcf450
hihtxgnzch,4d0c2ae2-031d-479d-aabe-91707afb0d51
hwtptkuiav,0ec6acf4-63f5-48df-80d6-95036201d0d5
ehzrdhvxve,acbc755f-5646-49e9-9b4e-193c8e627851
lhhymoxbad,e83988bf-fab8-487f-977d-72a7b0c163df
snwjmwydwg,13c45133-1120-426c-8917-93caacc05547
hdtemwaylf,72f6a3be-d028-4860-8c41-8278f9ce378f
dtcndmgrla,7f6d191c-dbbc-472b-864f-b15bcef3fa71
pbuhvchomq,80c76406-a07d-448d-9203-b7ca83af506e
dmkdrbgupq,fd06fe47-58c3-433f-b1b5-9de73f3797f7
xdhzjnjyto,89793d78-4804-49ce-a351-582e3dd3e7d5
rqecaottsg,8623b652-ea4a-4a0d-b052-5f8b108a03a5
zwzyzxpajg,4527d0c0-fc09-4824-8186-5ba705498331
loqgfvryck,3d65d826-742c-427d-afbf-0c8463748b2f
cinqnoqebl,44d621ae-be76-4968-9fc2-1caa654f4191
pmfxfhkohq,be022137-e5d2-4da8-a164-70e22783ed1d
omanqlgwjl,30f4d1c0-9ab1-4001-91e4-f512a822a3a7
zsuftwvrcx,5a2acd19-795f-431a-87ff-b06f633c332b
afpuucikpx,ff841ac1-e704-48d4-b8b1-3771e7c0689a
zvqpbvmzxg,efb75a9a-c45f-420d-9e13-47efa3003979
sqbcsxezwg,8a66fb2a-2b56-40ef-8157-9f06bc5e0b45
echvcjwlwe,67872e7c-da1b-4d98-886d-6dc5059a4ca2
ncxpzrrasz,52e4c3d8-ad21-4a25-acd3-15f3d609fa2f
ncoscrnhwl,d2ed92d8-abb2-45b1-8b6c-49b31508153f
wvbrdhlztt,01a84be7-b808-4715-934e-687690a5d33b
orbkwvqxln,53415905-175e-4412-92fc-84705cf22482
ipdnltglpa,4f6c3427-d4d0-491d-b844-ce623601eff7
rwfzapasbk,fde37333-7bf8-4dd7-96f0-6e5f6ee8adf2
hheveekotf,e80f5c34-a4de-48d6-8e89-df40f6b1b1d4
ipjsnnatoq,30b0e394-300a-480b-82cb-b003391ba708
kpxxgfxbhz,b0149b19-effc-45cb-b35e-99d51077cb97
qqwjavseib,74a893b2-d700-4065-8d18-62de8e79cf82
plxvvjawok,fb5dcc39-c05f-4013-a12b-f18d42360e86
iylrvxouyw,c03d7024-5c71-4ed5-a2ce-69d62077711f
evxjjscojt,d1043d90-f4d3-4bed-8ad4-420e6e49919c
ihvhxombgt,2642dbdb-df45-4cb2-83d0-2b5588e9f4aa
jplwkvhdzf,bbd6b6af-3163-432e-8152-1f796ff78d3c
ndezhnuoze,b30d4a91-0c7b-45c9-9ff7-bb7b4999c51e
zsiozhycwt,3f9edcf8-44bb-47ce-a390-9aa6ed5c6cac
mufpcsbnqk,abdaa615-e280-42de-8fba-ede2d3bede52
bipftrhdvg,e31091e4-ea1c-4e22-a065-0d648c82359c
ahzcncvurl,5ab6b894-69fd-4e4e-ad30-006fdefe546e
jmknkifhdb,285f7076-2ef4-4765-9480-79d1cbe74fda
qaghmhuleo,b92047cc-54bc-4721-a935-7390071fe6ec
alvzqovtoo,f5fffe1e-4d64-4c1c-b0c3-9f04f7aec68f
slqmrjfxbk,0bf004ef-ccb2-4d8b-9aed-38be3a76ee3e
nomhdwezdc,70a191cf-66da-41cf-b1fb-a903da8dce36
wejkhrimyq,8605611a-5578-4a35-a889-134442c29bf6
wmuaflibyk,abc3a80a-fe06-4fc1-8713-96c6c094ef36
cmqqksdwqn,02b50444-428c-405f-8aa9-62759bb707ca
dnmfqyjqix,ad363fff-b75d-4a26-bdde-f005247a2e99
diyyydlsbz,0f8431be-9111-481f-afeb-93e1aba9a076
byeofujxmm,84eb6ca5-8ffd-4de8-9a0b-e06f77ceeb91
lonwzojfbb,14fd2b31-d453-4b51-8051-28153411434d
wchfzknttu,2cc42602-2460-48db-8b6d-8560fd8f2f40
bntsyrtwed,9eff47b9-76b0-4ee3-a6b6-f2d416cff6b7
tocpnqezpd,f3ce6be3-64a6-4b90-902f-d499d3f07dac
eidfweanoi,d667d0ed-2bc3-4910-9552-a0d689806284
ayvxzhgqii,fbd6fd6a-a351-4eed-8b20-f6d64a8904a7
uofrgrpojx,b71a4357-c952-4648-8f9a-2de4e981a640
yeyocmmbuw,dc8c1782-7daf-4f28-9785-35593fcc8d93
oqwivfmglb,6675770d-6847-48e9-94fb-5f50935d396e
njmsckkvat,61a2c4c7-02f2-4e73-a201-904e6f04d93f
tuxmoguxaq,c0c543a5-891c-4329-a162-05023ee5b0f7
nvbhpswhvf,ba7e9951-c35d-484e-b5e1-2d4e9ff83f3d
tyuhucfmzw,d8c463c6-12d4-4a7d-8047-73c4fdc36f91
hsjhyuvidl,8fcc467a-d6f6-45e2-b548-4e6e12cebd09
dopsvxtkmo,330b79ad-0dd0-44cd-89dd-fcd3e0e39ed2
bfixhttarj,7de523d7-fab2-43ad-a1de-6cc220a26546
hbnuhekbbr,2f1e90a8-4628-4b24-9fd8-4c7b622c116c
yuyjwvibmf,7c84c682-c3d0-4864-ac47-7930d25fa9ca
qnwknuwygs,449ed905-42d0-49b5-9451-9d618886494e
aoqoclpnun,4091789c-39b9-463a-ad39-69ab4d75c193
rmfswwmhgc,32453bad-fc01-4d0a-bece-6e46764aee8d
adfkcwjomi,5b47e14e-ebe3-4ff8-bb0f-7ebaa41c018e
mquafqiqxi,b5e2ba48-717b-40de-afee-0ab8004140ca
wsuqrozcss,fe38424c-92d6-4134-aa9e-9ec983e430bc
jxiqkkjvul,5e95422e-34b4-4fca-ab78-57de70f77e16
aebitvjcsd,031aac62-923c-4a76-bd7b-df8415fd1230
zimnwhxgnm,0d31113d-8011-4461-a682-3c3f36b0a019
trwyohhish,a8c59bbf-7c84-46b1-86b8-396b0c140cf5
uqxnitpzet,831e0e72-dd54-4237-adf2-dbf6bf0d3a7b
ygwchunfiq,70035258-5698-465c-bbeb-46377417de98
mwejhvkzmzgw,309af88f-3d4e-42e9-851e-560f2cd31fda
gqlvdgxsjvrn,c628f840-c499-4778-a7d3-dedd8ef367c0
oddljgpavayw,81b4bfd2-a5e6-4d49-8e66-adbeab67dbcf
cwggjurglehc,bb291100-6416-4938-8624-feeff7aa1305
fhjolxtbbrtm,674af063-54e8-4bb0-945e-1f0cb36ae039
zhcfzbmeodji,993dc5c4-c8c2-41b8-b3ff-8c2aeb2cc469
cpgkywskkmyp,6f9729b1-26d1-430f-84cc-d5c51a7cb02e
udzynjvaydrf,333a10c6-3a43-4537-b66d-58c2f80cad26
wrwbxylinnuv,b7744e0e-b5f8-45f0-93ff-e3330eea70dd
xzykxkwrsgdi,d5b4c3ac-f36a-48a4-80d7-7d1fd8d1284a
wsdonixokhpn,45b52234-4b9c-43c7-9920-6320088737c1
rybkyjlttibq,d8a59edd-d6ae-446f-8d5c-b4979154c4a4
nqcxjedzsoqo,f5e3e164-e6e0-4386-a226-51121b11e454
ccoptxmktwri,8fd52454-443a-4136-8f28-b4220b54bb50
gptmorwmducy,62c2f03f-d147-4a95-bac5-5c237b2e2747
hxcbrccpruzk,e25c9b86-53eb-47fb-9238-30544e474fd4
wkqlzhdcptiw,11e60e3f-ab55-4b75-b3dc-3b6194dea53c
xemunfzpotzw,fecdbf0f-d3cc-49ab-a514-fb11ac80a3e3
kzgwjwtehxdu,2f28d20e-22d0-44c0-9bbb-7378790ed8b9
qfqxctsmssql,7100e5c4-cdf1-4ba6-80a5-dd8a3810abee
gyxihppzwizt,cfdfeafc-38ec-4913-aa9b-6a30104755d8
ltnaldmfbbqq,52ab69b9-e105-496d-901d-4544572c80a0
silmbslcdpqn,65b85560-ff51-45e8-9cc4-e0723df80358
cqnysrticvvh,beb36ec6-4bda-4465-b4a9-c01b7d5a2eaa
ieqwntkntikg,4a454d4d-d9f0-4629-ae84-39e12e9a5dd7
exfjaunoqdeu,d94e1dab-3031-4340-afca-db992716f83c
ypxqpyjulgfp,41af6cc8-d3e0-4772-a070-227346f31212
mgjqffjcqyhg,5cbda103-a346-40f0-92ab-ecbaf9cfc907
wrwxgufehdys,2413d699-5734-4b8a-89d1-644c335b36d2
fvfdyvpirokx,c59ee843-c9d1-4e82-88ae-c24de9b27e74
szwubjjuagat,ea5eceeb-04a9-4d43-8a0b-1cb2a42bd5c8
wpgktxvmvjcr,8d4f3764-dfde-45b6-92e3-afd8bd5cc989
mnpcikjcaywp,cce3b443-5a04-476f-949a-343cc92539a9
awabgavvxebl,7b407f22-84cf-4622-9f89-48556c116ae9
xatfmowhliwz,927b1c78-c8af-4e49-85fc-798719c16ce3
wlxdnbaaoldr,a4cdb0d9-9c37-40e1-a773-eef32dba6fe1
yglfttknneau,b1b5eac9-9224-453d-9069-7c38f1faf666
rxnvpqfklroc,ed54b81b-25ad-4ead-b19a-ffb96379287e
wlpzwfxgslmi,9e27a72d-9152-4bb3-a6bc-6e8b622fd083
qyjhizgnrtfc,7b921dec-33a5-40e2-ae8a-8d7d4d5c5aab
wbjdsqzvumil,c2e50048-d8d0-4c16-b2be-bd34d2c18e68
xraqiwaqdxvg,08f4758a-b935-4245-aaa2-bf5679b1e8bf
galmffsthukt,fa77eadf-38dd-44bf-b4be-9a41e28f644b
ksgsbuuumuxn,6475cee2-3d1d-4da5-a564-011d4284245e
idsmqrcrrsbd,e6053ccd-1866-465c-b74a-9b5e78687769
jquhiwdwvprb,e0040f12-f939-45d4-9ed0-2dcce017d25a
tlbxdlezisph,b8673611-0102-43df-9323-a033a034cfce
alfucntoxded,8bc8ea41-c5b8-4fb9-8dfb-abfd4bf0dbfb
bhppwilfpwlb,f694d6c9-11fa-43a2-ab77-88bc40d72b3a
vvjxcystgmfg,3d96dff8-7bbd-4ce3-8ce6-8c96431c23c2
fsyfyasxgntp,8754684f-b876-4f5b-bf59-a13aa42f7f6c
owknmpnncraq,109906e9-9ae4-425a-b899-ee9d1032367a
mzgwzequuypd,eb282a57-05bf-4bf8-ab47-48d1f8d1c14d
wsgyrjivfhcq,74894de9-6554-4be7-9c37-2d2b6e90ef01
iuonpywatvwl,c4c3947f-1156-44dc-a9af-f4bee5fce850
mzcpwdxppiba,19e733a7-3b23-49a4-a92d-341b6bdbf43c
gymvvzroulos,ce4e8af2-d08f-4add-934b-52ccc4229182
hqhezrruincx,19851c58-80af-4b6a-b0bb-6cbe467b0be8
snailpgomusg,23ea02b1-5264-436b-b342-16a6bfdc56f1
rzubfxgpwvap,7649700f-d836-434b-a8d0-4640831e6635
mnejkaplgtbd,f179d598-bf51-4647-b416-8b1d5d38b4ae
cgpcekedqsin,6d3dc50e-ab1a-4d9c-a991-a71b459ec320
jgsczhgrnkqu,0d5669ed-ae9f-45f5-962f-44151ca6fce4
xpdowhcytsqa,53f46aab-a110-47a5-945f-12a1dc79bf9d
nlmxzvbvoxdl,c8ba29ab-9c18-44ad-9d7e-2d167ea7e09f
uyogacolwpfp,c62fdd63-fc71-4537-b175-d08e9adfc0e4
anqlhyktapse,761fca5e-fe61-45d2-94ae-7848b72d1157
eyvlgyxzjqxg,0e945607-3326-4aea-9670-9a4213fafb35
dvemrfbitxij,6183fab9-7edd-4b3e-9c4d-96e09640fd10
vygymqwhfykf,50c087ee-d592-415d-a93f-63995762540f
jiihxvdupfkx,d3473dab-d609-4150-91e2-41aa1679f1f1
kzegoxmwfuhx,850166fd-f74d-4162-9e0a-589b0f1fb6ca
oibafaabemae,d1b17028-56be-46cc-b280-439be1660344
mhxfckigheju,ed8179a8-6b8d-4e81-8ba4-a50ebe8c3719
yzvzfhllzabr,43aa6dd4-b7bc-4066-abbf-a31ab9913ea4
doouuyoaikjl,f2772888-0d06-4cfa-827e-5389c543d61f
pifsbcaraezb,8d349400-e466-46ae-b22d-54ba8c4a2433
tbbdaqopksrp,4ba93fa6-c1ae-4df6-b97e-c362e3a101fc
uebrmkwkyxkf,1a703071-2283-4997-b9f0-d921560a8981
gcroktooatxs,9fd8df7b-42c4-4ac4-b907-1bb9f6b36f33
avxiwtvoblwu,8434b68d-9c02-4fa9-87cb-d75b240b76fd
vxvvnqlahekc,2108f9e7-a859-4c59-abec-fb020a991723
gqnwqyahobri,9655a96b-9683-4e0e-9ffc-a556337d6a2d
iewssttvjwbj,7cfdf518-7d00-4e27-a840-7596b73cd8b4
hewutgauaffv,7acf119f-9433-4c08-ad0f-486ca6238d45
dcuxpuzjdrjc,7bfe4f35-5408-4a3e-b3b0-a61fdb6c2fe6
rvqhaodbneza,1112cc6b-cee7-4c08-829d-39a64a328e39
znuabtddhzmp,575fd275-ae14-4326-8d0b-d6155dbc06b1
rclsrnhsmhwp,4a88b725-9e97-48ca-a4a7-c357100a0be3
uxbiqfnrqhzv,aeb9a42b-6493-4876-b8fb-dbbc4e2375a1
umovxanffwqr,5e3969b6-ab04-45fb-a7dc-f30c551bce59
nrurazowgyps,ed6eab89-4a3e-48ad-8f1a-1f80a3980f02
fhqkvodqymqd,7db010c3-f2b8-4f5c-b838-8ec3ea17002e
ujvdevutdove,1f363f12-98cd-4f9d-ab21-79f1059cb135
mrddurmlrxnn,f60351e4-242f-44c1-a985-88d952f70a38
vrkzgjcprgdi,9857778f-69af-4f5f-ad48-5145c3bc5d99
vixwzetzxgrq,d5f791b8-d3f4-4c3c-a989-c5a7ce43336b
piuxviqfwgzu,295d1c67-4799-409a-9633-c42b75a68b35
jykleikgrnqx,3e7a473b-a8e0-4ffb-913a-60df388c6d92
lfvmlbayhucb,6e599c92-7e64-49a8-befa-71b6f319fea7
